temperature_c,f_hz_20um,f_hz_40um,f_hz_60um,ppm_20um,ppm_40um,ppm_60um
-40.0,25975794.88849241,25624459.23753406,25497751.94233745,-1361.51678792,-1693.02616580,-1815.87483684
-39.5,25975982.27470107,25624677.07158331,25497980.86948897,-1354.31273199,-1684.53953791,-1806.91281348
-39.0,25976169.19540136,25624894.41547784,25498209.29747044,-1347.12657252,-1676.07200602,-1797.97033159
-38.5,25976355.65061278,25625111.26924030,25498437.22630573,-1339.95830874,-1667.62356926,-1789.04739025
-38.0,25976541.64035483,25625327.63289332,25498664.65601865,-1332.80793992,-1659.19422675,-1780.14398851
-37.5,25976727.16464695,25625543.50645946,25498891.58663298,-1325.67546530,-1650.78397759,-1771.26012544
-37.0,25976912.22350856,25625758.88996127,25499118.01817247,-1318.56088415,-1642.39282093,-1762.39580012
-36.5,25977096.81695903,25625973.78342126,25499343.95066080,-1311.46419570,-1634.02075587,-1753.55101162
-36.0,25977280.94501775,25626188.18686191,25499569.38412168,-1304.38539923,-1625.66778155,-1744.72575901
-35.5,25977464.60770401,25626402.10030564,25499794.31857871,-1297.32449398,-1617.33389709,-1735.92004136
-35.0,25977647.80503714,25626615.52377488,25500018.75405551,-1290.28147922,-1609.01910162,-1727.13385776
-34.5,25977830.53703637,25626828.45729199,25500242.69057565,-1283.25635420,-1600.72339426,-1718.36720727
-34.0,25978012.80372095,25627040.90087930,25500466.12816264,-1276.24911819,-1592.44677414,-1709.62008898
-33.5,25978194.60511009,25627252.85455914,25500689.06683999,-1269.25977044,-1584.18924040,-1700.89250197
-33.0,25978375.94122295,25627464.31835375,25500911.50663115,-1262.28831022,-1575.95079217,-1692.18444533
-32.5,25978556.81207869,25627675.29228539,25501133.44755955,-1255.33473679,-1567.73142858,-1683.49591812
-32.0,25978737.21769641,25627885.77637625,25501354.88964856,-1248.39904943,-1559.53114877,-1674.82691944
-31.5,25978917.15809518,25628095.77064849,25501575.83292155,-1241.48124739,-1551.34995187,-1666.17744837
-31.0,25979096.63329407,25628305.27512424,25501796.27740182,-1234.58132994,-1543.18783702,-1657.54750401
-30.5,25979275.64331209,25628514.28982562,25502016.22311266,-1227.69929635,-1535.04480337,-1648.93708543
-30.0,25979454.18816822,25628722.81477467,25502235.67007730,-1220.83514590,-1526.92085004,-1640.34619174
-29.5,25979632.26788144,25628930.84999344,25502454.61831897,-1213.98887784,-1518.81597619,-1631.77482201
-29.0,25979809.88247067,25629138.39550391,25502673.06786083,-1207.16049146,-1510.73018095,-1623.22297535
-28.5,25979987.03195480,25629345.45132805,25502891.01872601,-1200.34998603,-1502.66346347,-1614.69065085
-28.0,25980163.71635270,25629552.01748779,25503108.47093762,-1193.55736083,-1494.61582290,-1606.17784760
-27.5,25980339.93568321,25629758.09400500,25503325.42451873,-1186.78261512,-1486.58725838,-1597.68456470
-27.0,25980515.68996513,25629963.68090157,25503541.87949236,-1180.02574819,-1478.57776906,-1589.21080125
-26.5,25980690.97921725,25630168.77819931,25503757.83588152,-1173.28675931,-1470.58735409,-1580.75655634
-26.0,25980865.80345829,25630373.38592001,25503973.29370916,-1166.56564776,-1462.61601262,-1572.32182909
-25.5,25981040.16270699,25630577.50408542,25504188.25299819,-1159.86241283,-1454.66374381,-1563.90661859
-25.0,25981214.05698201,25630781.13271729,25504402.71377154,-1153.17705380,-1446.73054681,-1555.51092395
-24.5,25981387.48630202,25630984.27183728,25504616.67605202,-1146.50956994,-1438.81642076,-1547.13474426
-24.0,25981560.45068564,25631186.92146704,25504830.13986247,-1139.85996055,-1430.92136484,-1538.77807865
-23.5,25981732.95015146,25631389.08162821,25505043.10522566,-1133.22822490,-1423.04537820,-1530.44092621
-23.0,25981904.98471805,25631590.75234237,25505255.57216433,-1126.61436229,-1415.18845999,-1522.12328606
-22.5,25982076.55440392,25631791.93363107,25505467.54070122,-1120.01837200,-1407.35060938,-1513.82515731
-22.0,25982247.65922758,25631992.62551583,25505679.01085899,-1113.44025332,-1399.53182552,-1505.54653906
-21.5,25982418.29920752,25632192.82801813,25505889.98266027,-1106.88000554,-1391.73210759,-1497.28743044
-21.0,25982588.47436216,25632392.54115942,25506100.45612767,-1100.33762795,-1383.95145475,-1489.04783056
-20.5,25982758.18470991,25632591.76496112,25506310.43128378,-1093.81311985,-1376.18986615,-1480.82773853
-20.0,25982927.43026916,25632790.49944461,25506519.90815110,-1087.30648052,-1368.44734097,-1472.62715347
-19.5,25983096.21105824,25632988.74463123,25506728.88675214,-1080.81770927,-1360.72387838,-1464.44607451
-19.0,25983264.52709549,25633186.50054231,25506937.36710938,-1074.34680538,-1353.01947755,-1456.28450076
-18.5,25983432.37839918,25633383.76719910,25507145.34924523,-1067.89376815,-1345.33413764,-1448.14243134
-18.0,25983599.76498757,25633580.54462287,25507352.83318208,-1061.45859689,-1337.66785783,-1440.01986538
-17.5,25983766.68687890,25633776.83283484,25507559.81894230,-1055.04129089,-1330.02063730,-1431.91680200
-17.0,25983933.14409136,25633972.63185615,25507766.30654820,-1048.64184946,-1322.39247521,-1423.83324033
-16.5,25984099.13664311,25634167.94170798,25507972.29602208,-1042.26027188,-1314.78337075,-1415.76917950
-16.0,25984264.66455228,25634362.76241141,25508177.78738616,-1035.89655748,-1307.19332309,-1407.72461863
-15.5,25984429.72783699,25634557.09398754,25508382.78066270,-1029.55070554,-1299.62233141,-1399.69955686
-15.0,25984594.32651532,25634750.93645740,25508587.27587384,-1023.22271538,-1292.07039489,-1391.69399331
-14.5,25984758.46060529,25634944.28984200,25508791.27304175,-1016.91258630,-1284.53751271,-1383.70792713
-14.0,25984922.13012492,25635137.15416230,25508994.77218852,-1010.62031762,-1277.02368406,-1375.74135744
-13.5,25985085.33509221,25635329.52943926,25509197.77333623,-1004.34590862,-1269.52890812,-1367.79428338
-13.0,25985248.07552511,25635521.41569377,25509400.27650693,-998.08935864,-1262.05318408,-1359.86670409
-12.5,25985410.35144153,25635712.81294672,25509602.28172261,-991.85066698,-1254.59651111,-1351.95861870
-12.0,25985572.16285937,25635903.72121892,25509803.78900524,-985.62983294,-1247.15888842,-1344.07002636
-11.5,25985733.50979649,25636094.14053120,25510004.79837675,-979.42685586,-1239.74031519,-1336.20092621
-11.0,25985894.39227072,25636284.07090432,25510205.30985905,-973.24173503,-1232.34079061,-1328.35131739
-10.5,25986054.81029987,25636473.51235900,25510405.32347399,-967.07446977,-1224.96031387,-1320.52119905
-10.0,25986214.76390170,25636662.46491597,25510604.83924339,-960.92505941,-1217.59888416,-1312.71057032
-9.5,25986374.25309397,25636850.92859587,25510803.85718906,-954.79350325,-1210.25650069,-1304.91943036
-9.0,25986533.27789436,25637038.90341935,25511002.37733274,-948.67980062,-1202.93316265,-1297.14777832
-8.5,25986691.83832058,25637226.38940702,25511200.39969617,-942.58395084,-1195.62886923,-1289.39561334
-8.0,25986849.93439027,25637413.38657943,25511397.92430102,-936.50595323,-1188.34361963,-1281.66293458
-7.5,25987007.56612104,25637599.89495711,25511594.95116893,-930.44580712,-1181.07741306,-1273.94974119
-7.0,25987164.73353047,25637785.91456056,25511791.48032153,-924.40351182,-1173.83024872,-1266.25603232
-6.5,25987321.43663615,25637971.44541026,25511987.51178041,-918.37906666,-1166.60212580,-1258.58180713
-6.0,25987477.67545560,25638156.48752663,25512183.04556709,-912.37247097,-1159.39304351,-1250.92706477
-5.5,25987633.45000631,25638341.04093006,25512378.08170310,-906.38372407,-1152.20300106,-1243.29180441
-5.0,25987788.76030575,25638525.10564092,25512572.62020991,-900.41282529,-1145.03199765,-1235.67602520
-4.5,25987943.60637135,25638708.68167955,25512766.66110894,-894.45977397,-1137.88003250,-1228.07972630
-4.0,25988097.98822054,25638891.76906623,25512960.20442162,-888.52456943,-1130.74710480,-1220.50290687
-3.5,25988251.90587066,25639074.36782121,25513153.25016930,-882.60721101,-1123.63321378,-1212.94556608
-3.0,25988405.35933910,25639256.47796474,25513345.79837332,-876.70769804,-1116.53835864,-1205.40770309
-2.5,25988558.34864315,25639438.09951702,25513537.84905498,-870.82602985,-1109.46253860,-1197.88931708
-2.0,25988710.87380010,25639619.23249820,25513729.40223555,-864.96220577,-1102.40575287,-1190.39040720
-1.5,25988862.93482721,25639799.87692839,25513920.45793623,-859.11622515,-1095.36800067,-1182.91097262
-1.0,25989014.53174171,25639980.03282769,25514111.01617824,-853.28808733,-1088.34928121,-1175.45101252
-0.5,25989165.66456079,25640159.70021618,25514301.07698273,-847.47779163,-1081.34959371,-1168.01052607
0.0,25989316.33330162,25640338.87911387,25514490.64037082,-841.68533741,-1074.36893740,-1160.58951244
0.5,25989466.53798132,25640517.56954074,25514679.70636360,-835.91072400,-1067.40731149,-1153.18797081
1.0,25989616.27861702,25640695.77151677,25514868.27498212,-830.15395074,-1060.46471521,-1145.80590034
1.5,25989765.55522579,25640873.48506187,25515056.34624740,-824.41501699,-1053.54114778,-1138.44330023
2.0,25989914.36782465,25641050.71019593,25515243.92018041,-818.69392207,-1046.63660842,-1131.10016964
2.5,25990062.71643065,25641227.44693881,25515430.99680212,-812.99066535,-1039.75109637,-1123.77650776
3.0,25990210.60106074,25641403.69531033,25515617.57613342,-807.30524616,-1032.88461085,-1116.47231376
3.5,25990358.02173190,25641579.45533029,25515803.65819519,-801.63766386,-1026.03715108,-1109.18758684
4.0,25990504.97846104,25641754.72701842,25515989.24300828,-795.98791779,-1019.20871630,-1101.92232617
4.5,25990651.47126507,25641929.51039447,25516174.33059350,-790.35600730,-1012.39930575,-1094.67653095
5.0,25990797.50016084,25642103.80547810,25516358.92097161,-784.74193175,-1005.60891865,-1087.45020035
5.5,25990943.06516518,25642277.61228899,25516543.01416335,-779.14569049,-998.83755423,-1080.24333356
6.0,25991088.16629491,25642450.93084674,25516726.61018942,-773.56728287,-992.08521174,-1073.05592978
6.5,25991232.80356679,25642623.76117095,25516909.70907049,-768.00670825,-985.35189041,-1065.88798820
7.0,25991376.97699756,25642796.10328117,25517092.31082719,-762.46396598,-978.63758948,-1058.73950801
7.5,25991520.68660394,25642967.95719690,25517274.41548011,-756.93905543,-971.94230819,-1051.61048840
8.0,25991663.93240262,25643139.32293765,25517456.02304982,-751.43197595,-965.26604578,-1044.50092856
8.5,25991806.71441024,25643310.20052287,25517637.13355684,-745.94272689,-958.60880148,-1037.41082770
9.0,25991949.03264343,25643480.58997197,25517817.74702166,-740.47130763,-951.97057456,-1030.34018501
9.5,25992090.88711879,25643650.49130434,25517997.86346475,-735.01771752,-945.35136424,-1023.28899969
10.0,25992232.27785286,25643819.90453932,25518177.48290652,-729.58195592,-938.75116978,-1016.25727094
10.5,25992373.20486219,25643988.82969623,25518356.60536734,-724.16402221,-932.16999042,-1009.24499797
11.0,25992513.66816328,25644157.26679436,25518535.23086760,-718.76391575,-925.60782541,-1002.25217997
11.5,25992653.66777259,25644325.21585297,25518713.35942759,-713.38163589,-919.06467401,-995.27881615
12.0,25992793.20370658,25644492.67689126,25518890.99106759,-708.01718202,-912.54053546,-988.32490572
12.5,25992932.27598166,25644659.64992842,25519068.12580786,-702.67055350,-906.03540901,-981.39044789
13.0,25993070.88461420,25644826.13498358,25519244.76366859,-697.34174970,-899.54929393,-974.47544185
13.5,25993209.02962056,25644992.13207589,25519420.90466998,-692.03076999,-893.08218946,-967.57988683
14.0,25993346.71101705,25645157.64122441,25519596.54883216,-686.73761374,-886.63409486,-960.70378204
14.5,25993483.92881998,25645322.66244819,25519771.69617523,-681.46228033,-880.20500939,-953.84712668
15.0,25993620.68304560,25645487.19576624,25519946.34671926,-676.20476914,-873.79493231,-947.00991998
15.5,25993756.97371014,25645651.24119756,25520120.50048432,-670.96507953,-867.40386288,-940.19216114
16.0,25993892.80082982,25645814.79876108,25520294.15749039,-665.74321089,-861.03180036,-933.39384939
16.5,25994028.16442078,25645977.86847573,25520467.31775741,-660.53916259,-854.67874401,-926.61498394
17.0,25994163.06449919,25646140.45036037,25520639.98130535,-655.35293401,-848.34469311,-919.85556402
17.5,25994297.50108115,25646302.54443386,25520812.14815409,-650.18452454,-842.02964690,-913.11558884
18.0,25994431.47418274,25646464.15071502,25520983.81832350,-645.03393356,-835.73360467,-906.39505762
18.5,25994564.98382001,25646625.26922261,25521154.99183340,-639.90116044,-829.45656568,-899.69396959
19.0,25994698.03000899,25646785.89997540,25521325.66870359,-634.78620458,-823.19852920,-893.01232398
19.5,25994830.61276566,25646946.04299209,25521495.84895381,-629.68906536,-816.95949450,-886.35012001
20.0,25994962.73210600,25647105.69829136,25521665.53260381,-624.60974216,-810.73946085,-879.70735691
20.5,25995094.38804591,25647264.86589184,25521834.71967325,-619.54823437,-804.53842753,-873.08403391
21.0,25995225.58060132,25647423.54581218,25522003.41018180,-614.50454138,-798.35639381,-866.48015024
21.5,25995356.30978810,25647581.73807093,25522171.60414907,-609.47866258,-792.19335897,-859.89570513
22.0,25995486.57562208,25647739.44268664,25522339.30159466,-604.47059736,-786.04932228,-853.33069782
22.5,25995616.37811907,25647896.65967783,25522506.50253811,-599.48034512,-779.92428303,-846.78512753
23.0,25995745.71729485,25648053.38906296,25522673.20699892,-594.50790524,-773.81824049,-840.25899351
23.5,25995874.59316519,25648209.63086051,25522839.41499658,-589.55327713,-767.73119394,-833.75229500
24.0,25996003.00574580,25648365.38508886,25523005.12655053,-584.61646017,-761.66314267,-827.26503122
24.5,25996130.95505236,25648520.65176639,25523170.34168020,-579.69745377,-755.61408597,-820.79720143
25.0,25996258.44110055,25648675.43091147,25523335.06040492,-574.79625731,-749.58402311,-814.34880486
25.5,25996385.46390599,25648829.72254239,25523499.28274407,-569.91287021,-743.57295338,-807.91984076
26.0,25996512.02348428,25648983.52667742,25523663.00871695,-565.04729186,-737.58087608,-801.51030837
26.5,25996638.11985102,25649136.84333483,25523826.23834281,-560.19952165,-731.60779048,-795.12020693
27.0,25996763.75302172,25649289.67253282,25523988.97164090,-555.36955901,-725.65369589,-788.74953570
27.5,25996888.92301190,25649442.01428955,25524151.20863043,-550.55740332,-719.71859160,-782.39829392
28.0,25997013.62983704,25649593.86862319,25524312.94933054,-545.76305399,-713.80247688,-776.06648084
28.5,25997137.87351260,25649745.23555183,25524474.19376038,-540.98651044,-707.90535105,-769.75409571
29.0,25997261.65405401,25649896.11509357,25524634.94193904,-536.22777206,-702.02721340,-763.46113779
29.5,25997384.97147664,25650046.50726644,25524795.19388559,-531.48683826,-696.16806322,-757.18760632
30.0,25997507.82579586,25650196.41208844,25524954.94961905,-526.76370845,-690.32789981,-750.93350057
30.5,25997630.21702701,25650345.82957757,25525114.20915841,-522.05838206,-684.50672247,-744.69881979
31.0,25997752.14518538,25650494.75975176,25525272.97252262,-517.37085847,-678.70453050,-738.48356324
31.5,25997873.61028627,25650643.20262892,25525431.23973062,-512.70113712,-672.92132321,-732.28773018
32.0,25997994.61234489,25650791.15822693,25525589.01080130,-508.04921740,-667.15709990,-726.11131986
32.5,25998115.15137649,25650938.62656363,25525746.28575350,-503.41509875,-661.41185987,-719.95433155
33.0,25998235.22739621,25651085.60765685,25525903.06460604,-498.79878057,-655.68560243,-713.81676452
33.5,25998354.84041923,25651232.10152434,25526059.34737771,-494.20026228,-649.97832689,-707.69861802
34.0,25998473.99046066,25651378.10818385,25526215.13408726,-489.61954330,-644.29003255,-701.59989133
34.5,25998592.67753560,25651523.62765310,25526370.42475339,-485.05662305,-638.62071872,-695.52058371
35.0,25998710.90165912,25651668.65994976,25526525.21939481,-480.51150095,-632.97038473,-689.46069442
35.5,25998828.66284626,25651813.20509148,25526679.51803013,-475.98417642,-627.33902987,-683.42022275
36.0,25998945.96111201,25651957.26309586,25526833.32067799,-471.47464889,-621.72665346,-677.39916796
36.5,25999062.79647134,25652100.83398049,25526986.62735696,-466.98291778,-616.13325483,-671.39752932
37.0,25999179.16893921,25652243.91776290,25527139.43808557,-462.50898252,-610.55883328,-665.41530611
37.5,25999295.07853051,25652386.51446062,25527291.75288233,-458.05284252,-605.00338813,-659.45249761
38.0,25999410.52526016,25652528.62409110,25527443.57176572,-453.61449723,-599.46691870,-653.50910308
38.5,25999525.50914299,25652670.24667180,25527594.89475418,-449.19394607,-593.94942431,-647.58512182
39.0,25999640.03019383,25652811.38222013,25527745.72186609,-444.79118846,-588.45090429,-641.68055309
39.5,25999754.08842748,25652952.03075347,25527896.05311985,-440.40622384,-582.97135796,-635.79539618
40.0,25999867.68385870,25653092.19228916,25528045.88853377,-436.03905165,-577.51078463,-629.92965037
40.5,25999980.81650223,25653231.86684451,25528195.22812617,-431.68967131,-572.06918365,-624.08331495
41.0,26000093.48637277,25653371.05443681,25528344.07191530,-427.35808227,-566.64655432,-618.25638919
41.5,26000205.69348501,25653509.75508329,25528492.41991939,-423.04428395,-561.24289599,-612.44887240
42.0,26000317.43785358,25653647.96880114,25528640.27215664,-418.74827579,-555.85820798,-606.66076384
42.5,26000428.71949309,25653785.69560759,25528787.62864520,-414.47005723,-550.49248962,-600.89206283
43.0,26000539.53841816,25653922.93551974,25528934.48940322,-410.20962772,-545.14574025,-595.14276863
43.5,26000649.89464332,25654059.68855473,25529080.85444878,-405.96698668,-539.81795919,-589.41288055
44.0,26000759.78818311,25654195.95472961,25529226.72379993,-401.74213357,-534.50914579,-583.70239787
44.5,26000869.21905202,25654331.73406145,25529372.09747470,-397.53506782,-529.21929937,-578.01131990
45.0,26000978.18726452,25654467.02656726,25529516.97549108,-393.34578888,-523.94841928,-572.33964593
45.5,26001086.69283505,25654601.83226401,25529661.35786702,-389.17429620,-518.69650485,-566.68737526
46.0,26001194.73577801,25654736.15116864,25529805.24462043,-385.02058921,-513.46355543,-561.05450717
46.5,26001302.31610779,25654869.98329807,25529948.63576922,-380.88466737,-508.24957035,-555.44104099
47.0,26001409.43383874,25655003.32866919,25530091.53133122,-376.76653013,-503.05454896,-549.84697599
47.5,26001516.08898517,25655136.18729882,25530233.93132425,-372.66617693,-497.87849059,-544.27231150
48.0,26001622.28156137,25655268.55920379,25530375.83576609,-368.58360723,-492.72139461,-538.71704680
48.5,26001728.01158161,25655400.44440087,25530517.24467450,-364.51882047,-487.58326034,-533.18118122
49.0,26001833.27906011,25655531.84290681,25530658.15806718,-360.47181612,-482.46408715,-527.66471404
49.5,26001938.08401107,25655662.75473834,25530798.57596180,-356.44259361,-477.36387437,-522.16764459
50.0,26002042.42644867,25655793.17991212,25530938.49837602,-352.43115242,-472.28262137,-516.68997217
50.5,26002146.30638703,25655923.11844480,25531077.92532745,-348.43749200,-467.22032748,-511.23169609
51.0,26002249.72384029,25656052.57035301,25531216.85683365,-344.46161179,-462.17699207,-505.79281566
51.5,26002352.67882252,25656181.53565329,25531355.29291216,-340.50351127,-457.15261448,-500.37333020
52.0,26002455.17134776,25656310.01436223,25531493.23358050,-336.56318989,-452.14719408,-494.97323902
52.5,26002557.20143005,25656438.00649633,25531630.67885613,-332.64064711,-447.16073021,-489.59254144
53.0,26002658.76908337,25656565.51207206,25531767.62875649,-328.73588240,-442.19322224,-484.23123677
53.5,26002759.87432168,25656692.53110588,25531904.08329898,-324.84889522,-437.24466953,-478.88932434
54.0,26002860.51715893,25656819.06361420,25532040.04250097,-320.97968503,-432.31507143,-473.56680346
54.5,26002960.69760900,25656945.10961341,25532175.50637980,-317.12825129,-427.40442732,-468.26367346
55.0,26003060.41568580,25657070.66911986,25532310.47495276,-313.29459348,-422.51273654,-462.97993365
55.5,26003159.67140314,25657195.74214985,25532444.94823712,-309.47871106,-417.63999847,-457.71558336
56.0,26003258.46477484,25657320.32871968,25532578.92625010,-305.68060351,-412.78621247,-452.47062193
56.5,26003356.79581471,25657444.42884558,25532712.40900892,-301.90027028,-407.95137791,-447.24504866
57.0,26003454.66453646,25657568.04254378,25532845.39653070,-298.13771086,-403.13549415,-442.03886290
57.5,26003552.07095386,25657691.16983046,25532977.88883261,-294.39292471,-398.33856057,-436.85206397
58.0,26003649.01508059,25657813.81072178,25533109.88593172,-290.66591130,-393.56057654,-431.68465121
58.5,26003745.49693031,25657935.96523384,25533241.38784510,-286.95667012,-388.80154143,-426.53662393
59.0,26003841.51651666,25658057.63338274,25533372.39458976,-283.26520064,-384.06145460,-421.40798149
59.5,26003937.07385325,25658178.81518451,25533502.90618270,-279.59150234,-379.34031545,-416.29872321
60.0,26004032.16895366,25658299.51065520,25533632.92264086,-275.93557469,-374.63812334,-411.20884843
60.5,26004126.80183142,25658419.71981077,25533762.44398119,-272.29741717,-369.95487765,-406.13835649
61.0,26004220.97250008,25658539.44266718,25533891.47022055,-268.67702926,-365.29057775,-401.08724672
61.5,26004314.68097311,25658658.67924035,25534020.00137581,-265.07441044,-360.64522304,-396.05551847
62.0,26004407.92726396,25658777.42954616,25534148.03746377,-261.48956021,-356.01881288,-391.04317108
62.5,26004500.71138608,25658895.69360048,25534275.57850123,-257.92247803,-351.41134667,-386.05020389
63.0,26004593.03335286,25659013.47141910,25534402.62450493,-254.37316340,-346.82282378,-381.07661624
63.5,26004684.89317767,25659130.76301784,25534529.17549159,-250.84161580,-342.25324360,-376.12240749
64.0,26004776.29087384,25659247.56841243,25534655.23147789,-247.32783472,-337.70260552,-371.18757697
64.5,26004867.22645470,25659363.88761860,25534780.79248047,-243.83181964,-333.17090893,-366.27212404
65.0,26004957.69993353,25659479.72065205,25534905.85851595,-240.35357006,-328.65815320,-361.37604805
65.5,26005047.71132357,25659595.06752842,25535030.42960091,-236.89308547,-324.16433774,-356.49934834
66.0,26005137.26063805,25659709.92826334,25535154.50575187,-233.45036535,-319.68946194,-351.64202427
66.5,26005226.34789016,25659824.30287237,25535278.08698538,-230.02540920,-315.23352518,-346.80407519
67.0,26005314.97309307,25659938.19137112,25535401.17331788,-226.61821652,-310.79652686,-341.98550046
67.5,26005403.13625990,25660051.59377506,25535523.76476583,-223.22878680,-306.37846638,-337.18629944
68.0,26005490.83740378,25660164.51009973,25535645.86134563,-219.85711954,-301.97934313,-332.40647148
68.5,26005578.07653775,25660276.94036053,25535767.46307364,-216.50321423,-297.59915651,-327.64601594
69.0,26005664.85367489,25660388.88457294,25535888.56996622,-213.16707037,-293.23790592,-322.90493218
69.5,26005751.16882819,25660500.34275233,25536009.18203967,-209.84868746,-288.89559077,-318.18321956
70.0,26005837.02201065,25660611.31491405,25536129.29931025,-206.54806501,-284.57221044,-313.48087746
70.5,26005922.41323523,25660721.80107344,25536248.92179420,-203.26520250,-280.26776435,-308.79790522
71.0,26006007.34251484,25660831.80124577,25536368.04950771,-200.00009946,-275.98225189,-304.13430221
71.5,26006091.80986240,25660941.31544632,25536486.68246697,-196.75275538,-271.71567249,-299.49006782
72.0,26006175.81529075,25661050.34369032,25536604.82068809,-193.52316976,-267.46802553,-294.86520139
72.5,26006259.35881276,25661158.88599294,25536722.46418718,-190.31134212,-263.23931043,-290.25970231
73.0,26006342.44044121,25661266.94236937,25536839.61298031,-187.11727195,-259.02952660,-285.67356993
73.5,26006425.06018890,25661374.51283472,25536956.26708348,-183.94095878,-254.83867345,-281.10680365
74.0,26006507.21806858,25661481.59740409,25537072.42651274,-180.78240210,-250.66675039,-276.55940282
74.5,26006588.91409295,25661588.19609253,25537188.09128400,-177.64160144,-246.51375683,-272.03136683
75.0,26006670.14827473,25661694.30891510,25537303.26141321,-174.51855629,-242.37969220,-267.52269505
75.5,26006750.92062657,25661799.93588677,25537417.93691626,-171.41326619,-238.26455589,-263.03338686
76.0,26006831.23116110,25661905.07702252,25537532.11780902,-168.32573063,-234.16834734,-258.56344163
76.5,26006911.07989091,25662009.73233726,25537645.80410729,-165.25594913,-230.09106596,-254.11285875
77.0,26006990.46682860,25662113.90184592,25537758.99582689,-162.20392122,-226.03271117,-249.68163761
77.5,26007069.39198669,25662217.58556333,25537871.69298355,-159.16964641,-221.99328239,-245.26977757
78.0,26007147.85537772,25662320.78350435,25537983.89559301,-156.15312421,-217.97277904,-240.87727804
78.5,26007225.85701416,25662423.49568377,25538095.60367095,-153.15435416,-213.97120054,-236.50413839
79.0,26007303.39690845,25662525.72211634,25538206.81723303,-150.17333576,-209.98854633,-232.15035801
79.5,26007380.47507304,25662627.46281682,25538317.53629486,-147.21006855,-206.02481582,-227.81593628
80.0,26007457.09152032,25662728.71779991,25538427.76087205,-144.26455204,-202.08000845,-223.50087261
80.5,26007533.24626266,25662829.48708026,25538537.49098013,-141.33678576,-198.15412364,-219.20516638
81.0,26007608.93931238,25662929.77067250,25538646.72663461,-138.42676923,-194.24716082,-214.92881698
81.5,26007684.17068182,25663029.56859126,25538755.46785101,-135.53450199,-190.35911942,-210.67182381
82.0,26007758.94038323,25663128.88085109,25538863.71464473,-132.65998356,-186.48999888,-206.43418625
82.5,26007833.24842888,25663227.70746655,25538971.46703123,-129.80321346,-182.63979863,-202.21590372
83.0,26007907.09483098,25663326.04845211,25539078.72502587,-126.96419124,-178.80851810,-198.01697560
83.5,26007980.47960173,25663423.90382226,25539185.48864400,-124.14291641,-174.99615673,-193.83740130
84.0,26008053.40275327,25663521.27359144,25539291.75790094,-121.33938852,-171.20271396,-189.67718022
84.5,26008125.86429775,25663618.15777406,25539397.53281195,-118.55360710,-167.42818923,-185.53631175
85.0,26008197.86424727,25663714.55638447,25539502.81339229,-115.78557168,-163.67258198,-181.41479530
85.5,26008269.40261390,25663810.46943704,25539607.59965718,-113.03528179,-159.93589164,-177.31263028
86.0,26008340.47940969,25663905.89694607,25539711.89162178,-110.30273698,-156.21811766,-173.22981609
86.5,26008411.09464664,25664000.83892581,25539815.68930124,-107.58793678,-152.51925949,-169.16635214
87.0,26008481.24833675,25664095.29539053,25539918.99271066,-104.89088074,-148.83931656,-165.12223784
87.5,26008550.94049197,25664189.26635443,25540021.80186513,-102.21156838,-145.17828833,-161.09747259
88.0,26008620.17112423,25664282.75183168,25540124.11677969,-99.54999926,-141.53617425,-157.09205581
88.5,26008688.94024542,25664375.75183645,25540225.93746934,-96.90617291,-137.91297376,-153.10598691
89.0,26008757.24786742,25664468.26638281,25540327.26394904,-94.28008889,-134.30868631,-149.13926530
89.5,26008825.09400205,25664560.29548486,25540428.09623375,-91.67174672,-130.72331135,-145.19189041
90.0,26008892.47866113,25664651.83915666,25540528.43433836,-89.08114597,-127.15684835,-141.26386164
90.5,26008959.40185644,25664742.89741220,25540628.27827775,-86.50828618,-123.60929674,-137.35517841
91.0,26009025.86359973,25664833.47026545,25540727.62806676,-83.95316689,-120.08065599,-133.46584015
91.5,26009091.86390271,25664923.55773040,25540826.48372018,-81.41578766,-116.57092555,-129.59584627
92.0,26009157.40277709,25665013.15982093,25540924.84525278,-78.89614804,-113.08010489,-125.74519620
92.5,26009222.48023452,25665102.27655093,25541022.71267932,-76.39424757,-109.60819345,-121.91388936
93.0,26009287.09628664,25665190.90793425,25541120.08601446,-73.91008581,-106.15519071,-118.10192517
93.5,26009351.25094505,25665279.05398472,25541216.96527289,-71.44366232,-102.72109612,-114.30930305
94.0,26009414.94422131,25665366.71471610,25541313.35046924,-68.99497665,-99.30590914,-110.53602245
94.5,26009478.17612699,25665453.89014216,25541409.24161811,-66.56402835,-95.90962924,-106.78208278
95.0,26009540.94667358,25665540.58027659,25541504.63873406,-64.15081698,-92.53225589,-103.04748347
95.5,26009603.25587260,25665626.78513312,25541599.54183162,-61.75534211,-89.17378855,-99.33222396
96.0,26009665.10373547,25665712.50472538,25541693.95092530,-59.37760329,-85.83422669,-95.63630368
96.5,26009726.49027364,25665797.73906698,25541787.86602955,-57.01760007,-82.51356978,-91.95972205
97.0,26009787.41549850,25665882.48817151,25541881.28715880,-54.67533204,-79.21181729,-88.30247853
97.5,26009847.87942143,25665966.75205255,25541974.21432745,-52.35079873,-75.92896869,-84.66457254
98.0,26009907.88205375,25666050.53072360,25542066.64754985,-50.04399973,-72.66502346,-81.04600352
98.5,26009967.42340679,25666133.82419816,25542158.58684034,-47.75493459,-69.41998107,-77.44677091
99.0,26010026.50349182,25666216.63248967,25542250.03221322,-45.48360289,-66.19384099,-73.86687415
99.5,26010085.12232009,25666298.95561157,25542340.98368273,-43.23000418,-62.98660271,-70.30631269
100.0,26010143.27990283,25666380.79357727,25542431.44126311,-40.99413804,-59.79826569,-66.76508596
100.5,26010200.97625123,25666462.14640008,25542521.40496853,-38.77600404,-56.62882943,-63.24319341
101.0,26010258.21137646,25666543.01409339,25542610.87481317,-36.57560175,-53.47829339,-59.74063448
101.5,26010314.98528964,25666623.39667043,25542699.85081114,-34.39293074,-50.34665707,-56.25740863
102.0,26010371.29800188,25666703.29414450,25542788.33297654,-32.22799058,-47.23391995,-52.79351530
102.5,26010427.14952427,25666782.70652882,25542876.32132342,-30.08078084,-44.14008150,-49.34895395
103.0,26010482.53986785,25666861.63383658,25542963.81586582,-27.95130111,-41.06514123,-45.92372401
103.5,26010537.46904363,25666940.07608096,25543050.81661770,-25.83955096,-38.00909861,-42.51782495
104.0,26010591.93706260,25667018.03327508,25543137.32359302,-23.74552997,-34.97195313,-39.13125622
104.5,26010645.94393574,25667095.50543203,25543223.33680571,-21.66923771,-31.95370428,-35.76401727
105.0,26010699.48967395,25667172.49256489,25543308.85626966,-19.61067376,-28.95435155,-32.41610756
105.5,26010752.57428814,25667248.99468669,25543393.88199870,-17.56983771,-25.97389444,-29.08752655
106.0,26010805.19778919,25667325.01181042,25543478.41400667,-15.54672914,-23.01233244,-25.77827369
106.5,26010857.36018794,25667400.54394907,25543562.45230736,-13.54134763,-20.06966505,-22.48834845
107.0,26010909.06149520,25667475.59111556,25543645.99691449,-11.55369277,-17.14589175,-19.21775029
107.5,26010960.30172176,25667550.15332279,25543729.04784181,-9.58376414,-14.24101205,-15.96647867
108.0,26011011.08087835,25667624.23058364,25543811.60510300,-7.63156132,-11.35502545,-12.73453306
108.5,26011061.39897573,25667697.82291093,25543893.66871168,-5.69708391,-8.48793144,-9.52191292
109.0,26011111.25602457,25667770.93031750,25543975.23868150,-3.78033149,-5.63972952,-6.32861772
109.5,26011160.65203556,25667843.55281609,25544056.31502602,-1.88130366,-2.81041921,-3.15464692
110.0,26011209.58701932,25667915.69041945,25544136.89775879,0.00000000,0.00000000,0.00000000
110.5,26011258.06098646,25667987.34314029,25544216.98689334,1.86357989,2.79152860,3.13532357
111.0,26011306.07394757,25668058.51099129,25544296.58244314,3.70943642,5.56416709,6.25132432
111.5,26011353.62591319,25668129.19398508,25544375.68442163,5.53757000,8.31791596,9.34800278
112.0,26011400.71689384,25668199.39213429,25544454.29284224,7.34798103,11.05277570,12.42535948
112.5,26011447.34690002,25668269.10545147,25544532.40771832,9.14066991,13.76874680,15.48339492
113.0,26011493.51594219,25668338.33394919,25544610.02906325,10.91563704,16.46582975,18.52210965
113.5,26011539.22403078,25668407.07763994,25544687.15689032,12.67288283,19.14402503,21.54150417
114.0,26011584.47117620,25668475.33653623,25544763.79121282,14.41240768,21.80333314,24.54157901
114.5,26011629.25738881,25668543.11065047,25544839.93204397,16.13421199,24.44375455,27.52233469
115.0,26011673.58267898,25668610.39999511,25544915.57939702,17.83829614,27.06528976,30.48377173
115.5,26011717.44705701,25668677.20458251,25544990.73328511,19.52466055,29.66793924,33.42589064
116.0,26011760.85053320,25668743.52442503,25545065.39372139,21.19330560,32.25170347,36.34869193
116.5,26011803.79311778,25668809.35953499,25545139.56071898,22.84423169,34.81658294,39.25217611
117.0,26011846.27482101,25668874.70992466,25545213.23429095,24.47743922,37.36257812,42.13634371
117.5,26011888.29565307,25668939.57560631,25545286.41445034,26.09292857,39.88968949,45.00119523
118.0,26011929.85562416,25669003.95659215,25545359.10121017,27.69070014,42.39791753,47.84673118
118.5,26011970.95474439,25669067.85289436,25545431.29458338,29.27075431,44.88726271,50.67295207
119.0,26012011.59302388,25669131.26452512,25545502.99458295,30.83309147,47.35772551,53.47985840
119.5,26012051.77047274,25669194.19149654,25545574.20122177,32.37771202,49.80930639,56.26745068
120.0,26012091.48710097,25669256.63382069,25545644.91451270,33.90461634,52.24200583,59.03572941
120.5,26012130.74291864,25669318.59150965,25545715.13446859,35.41380482,54.65582430,61.78469510
121.0,26012169.53793574,25669380.06457545,25545784.86110225,36.90527783,57.05076227,64.51434825
121.5,26012207.87216224,25669441.05303007,25545854.09442645,38.37903576,59.42682020,67.22468935
122.0,26012245.74560805,25669501.55688547,25545922.83445392,39.83507900,61.78399856,69.91571891
122.5,26012283.15828311,25669561.57615359,25545991.08119737,41.27340792,64.12229781,72.58743742
123.0,26012320.11019728,25669621.11084631,25546058.83466947,42.69402291,66.44171843,75.23984539
123.5,26012356.60136041,25669680.16097550,25546126.09488285,44.09692434,68.74226086,77.87294329
124.0,26012392.63178235,25669738.72655299,25546192.86185012,45.48211259,71.02392557,80.48673163
124.5,26012428.20147286,25669796.80759058,25546259.13558384,46.84958804,73.28671302,83.08121091
125.0,26012463.31044171,25669854.40410006,25546324.91609656,48.19935106,75.53062368,85.65638160
125.5,26012497.95869865,25669911.51609311,25546390.20340079,49.53140203,77.75565799,88.21224420
126.0,26012532.14625337,25669968.14358147,25546454.99750896,50.84574132,79.96181641,90.74879920
126.5,26012565.87311554,25670024.28657679,25546519.29843354,52.14236930,82.14909940,93.26604709
127.0,26012599.13929483,25670079.94509072,25546583.10618692,53.42128634,84.31750740,95.76398834
127.5,26012631.94480084,25670135.11913487,25546646.42078147,54.68249282,86.46704088,98.24262345
128.0,26012664.28964315,25670189.80872078,25546709.24222950,55.92598910,88.59770029,100.70195290
128.5,26012696.17383135,25670244.01386002,25546771.57054335,57.15177555,90.70948606,103.14197716
129.0,26012727.59737494,25670297.73456408,25546833.40573525,58.35985253,92.80239866,105.56269673
129.5,26012758.56028344,25670350.97084444,25546894.74781745,59.55022041,94.87643852,107.96411207
130.0,26012789.06256633,25670403.72271255,25546955.59680216,60.72287956,96.93160610,110.34622366
130.5,26012819.10423303,25670455.99017981,25547015.95270153,61.87783034,98.96790184,112.70903199
131.0,26012848.68529296,25670507.77325759,25547075.81552769,63.01507310,100.98532617,115.05253752
131.5,26012877.80575551,25670559.07195725,25547135.18529274,64.13460822,102.98387955,117.37674074
132.0,26012906.46563004,25670609.88629009,25547194.06200874,65.23643605,104.96356242,119.68164210
132.5,26012934.66492587,25670660.21626740,25547252.44568774,66.32055694,106.92437520,121.96724209
133.0,26012962.40365230,25670710.06190041,25547310.33634172,67.38697126,108.86631835,124.23354117
133.5,26012989.68181861,25670759.42320037,25547367.73398264,68.43567937,110.78939230,126.48053981
134.0,26013016.49943402,25670808.30017843,25547424.63862245,69.46668161,112.69359748,128.70823848
134.5,26013042.85650776,25670856.69284575,25547481.05027303,70.47997835,114.57893433,130.91663765
135.0,26013068.75304900,25670904.60121346,25547536.96894625,71.47556993,116.44540328,133.10573777
135.5,26013094.18906688,25670952.02529262,25547592.39465393,72.45345670,118.29300477,135.27553931
136.0,26013119.16457056,25670998.96509432,25547647.32740787,73.41363903,120.12173922,137.42604274
136.5,26013143.67956910,25671045.42062955,25547701.76721985,74.35611725,121.93160706,139.55724851
137.0,26013167.73407158,25671091.39190931,25547755.71410157,75.28089171,123.72260873,141.66915709
137.5,26013191.32808704,25671136.87894456,25547809.16806474,76.18796277,125.49474464,143.76176892
138.0,26013214.46162448,25671181.88174622,25547862.12912102,77.07733077,127.24801523,145.83508447
138.5,26013237.13469290,25671226.40032517,25547914.59728203,77.94899606,128.98242092,147.88910420
139.0,26013259.34730121,25671270.43469230,25547966.57255938,78.80295897,130.69796213,149.92382855
139.5,26013281.09945836,25671313.98485842,25548018.05496461,79.63921986,132.39463928,151.93925797
140.0,26013302.39117324,25671357.05083432,25548069.04450927,80.45777906,134.07245280,153.93539293
140.5,26013323.22245471,25671399.63263077,25548119.54120483,81.25863691,135.73140310,155.91223387
141.0,26013343.59331160,25671441.73025850,25548169.54506278,82.04179376,137.37149060,157.86978124
141.5,26013363.50375270,25671483.34372820,25548219.05609450,82.80724994,138.99271572,159.80803548
142.0,26013382.95378682,25671524.47305055,25548268.07431143,83.55500578,140.59507888,161.72699705
142.5,26013401.94342268,25671565.11823618,25548316.59972491,84.28506164,142.17858048,163.62666638
143.0,26013420.47266901,25671605.27929569,25548364.63234627,84.99741784,143.74322094,165.50704392
143.5,26013438.54153449,25671644.95623963,25548412.17218678,85.69207471,145.28900068,167.36813012
144.0,26013456.15002778,25671684.14907857,25548459.21925773,86.36903259,146.81592010,169.20992540
144.5,26013473.29815753,25671722.85782299,25548505.77357033,87.02829181,148.32397961,171.03243022
145.0,26013489.98593232,25671761.08248338,25548551.83513576,87.66985270,149.81317962,172.83564501
145.5,26013506.21336072,25671798.82307016,25548597.40396520,88.29371559,151.28352055,174.61957021
146.0,26013521.98045129,25671836.07959376,25548642.48006977,88.89988081,152.73500278,176.38420625
146.5,26013537.28721254,25671872.85206454,25548687.06346056,89.48834868,154.16762673,178.12955356
147.0,26013552.13365296,25671909.14049285,25548731.15414862,90.05911954,155.58139280,179.85561259
147.5,26013566.51978099,25671944.94488900,25548774.75214498,90.61219371,156.97630139,181.56238376
148.0,26013580.44560508,25671980.26526326,25548817.85746063,91.14757150,158.35235291,183.24986750
148.5,26013593.91113360,25672015.10162590,25548860.47010652,91.66525326,159.70954774,184.91806424
149.0,26013606.91637495,25672049.45398711,25548902.59009359,92.16523928,161.04788630,186.56697440
149.5,26013619.46133746,25672083.32235707,25548944.21743272,92.64752991,162.36736897,188.19659843
150.0,26013631.54602943,25672116.70674595,25548985.35213476,93.11212545,163.66799615,189.80693673
150.5,26013643.17045917,25672149.60716386,25549025.99421054,93.55902622,164.94976824,191.39798974
151.0,26013654.33463491,25672182.02362088,25549066.14367086,93.98823255,166.21268563,192.96975787
151.5,26013665.03856489,25672213.95612707,25549105.80052646,94.39974475,167.45674871,194.52224154
152.0,26013675.28225730,25672245.40469244,25549144.96478807,94.79356313,168.68195787,196.05544119
152.5,26013685.06572030,25672276.36932699,25549183.63646638,95.16968800,169.88831349,197.56935722
153.0,26013694.38896204,25672306.85004069,25549221.81557204,95.52811969,171.07581598,199.06399005
153.5,26013703.25199063,25672336.84684343,25549259.50211569,95.86885850,172.24446571,200.53934010
154.0,26013711.65481414,25672366.35974512,25549296.69610789,96.19190474,173.39426307,201.99540778
154.5,26013719.59744063,25672395.38875562,25549333.39755921,96.49725873,174.52520844,203.43219351
155.0,26013727.07987812,25672423.93388476,25549369.60648018,96.78492076,175.63730221,204.84969770
155.5,26013734.10213461,25672451.99514234,25549405.32288129,97.05489116,176.73054476,206.24792075
156.0,26013740.66421806,25672479.57253810,25549440.54677297,97.30717021,177.80493647,207.62686308
156.5,26013746.76613640,25672506.66608181,25549475.27816567,97.54175824,178.86047772,208.98652510
157.0,26013752.40789755,25672533.27578314,25549509.51706976,97.75865554,179.89716888,210.32690721
157.5,26013757.58950939,25672559.40165177,25549543.26349562,97.95786242,180.91501033,211.64800981
158.0,26013762.31097974,25672585.04369730,25549576.51745354,98.13937917,181.91400245,212.94983332
158.5,26013766.57231646,25672610.20192938,25549609.27895383,98.30320611,182.89414562,214.23237814
159.0,26013770.37352732,25672634.87635757,25549641.54800673,98.44934352,183.85544019,215.49564466
159.5,26013773.71462008,25672659.06699139,25549673.32462247,98.57779171,184.79788656,216.73963328
160.0,26013776.59560248,25672682.77384036,25549704.60881123,98.68855097,185.72148508,217.96434441
160.5,26013779.01648223,25672705.99691395,25549735.40058318,98.78162160,186.62623613,219.16977844
161.0,26013780.97726700,25672728.73622159,25549765.69994843,98.85700390,187.51214007,220.35593577
161.5,26013782.47796443,25672750.99177270,25549795.50691707,98.91469816,188.37919727,221.52281680
162.0,26013783.51858215,25672772.76357667,25549824.82149914,98.95470467,189.22740809,222.67042191
162.5,26013784.09912775,25672794.05164284,25549853.64370469,98.97702373,190.05677291,223.79875150
163.0,26013784.21960878,25672814.85598050,25549881.97354368,98.98165561,190.86729208,224.90780596
163.5,26013783.88003278,25672835.17659896,25549909.81102609,98.96860063,191.65896596,225.99758568
164.0,26013783.08040725,25672855.01350746,25549937.15616182,98.93785905,192.43179491,227.06809106
164.5,26013781.82073967,25672874.36671520,25549964.00896076,98.88943118,193.18577930,228.11932246
165.0,26013780.10103747,25672893.23623139,25549990.36943278,98.82331729,193.92091948,229.15128029
165.5,26013777.92130808,25672911.62206516,25550016.23758767,98.73951767,194.63721581,230.16396492
166.0,26013775.28155888,25672929.52422565,25550041.61343524,98.63803261,195.33466865,231.15737674
166.5,26013772.18179723,25672946.94272194,25550066.49698525,98.51886239,196.01327833,232.13151614
167.0,26013768.62203046,25672963.87756308,25550090.88824741,98.38200729,196.67304523,233.08638348
167.5,26013764.60226588,25672980.32875810,25550114.78723141,98.22746759,197.31396969,234.02197915
168.0,26013760.12251075,25672996.29631600,25550138.19394689,98.05524356,197.93605207,234.93830354
168.5,26013755.18277232,25673011.78024571,25550161.10840349,97.86533550,198.53929270,235.83535701
169.0,26013749.78305779,25673026.78055620,25550183.53061078,97.65774367,199.12369194,236.71313993
169.5,26013743.92337437,25673041.29725634,25550205.46057833,97.43246836,199.68925014,237.57165270
170.0,26013737.60372918,25673055.33035500,25550226.89831566,97.18950983,200.23596764,238.41089567
170.5,26013730.82412939,25673068.87986100,25550247.84383224,96.92886836,200.76384478,239.23086922
171.0,26013723.58458207,25673081.94578316,25550268.29713754,96.65054423,201.27288191,240.03157371
171.5,26013715.88509430,25673094.52813024,25550288.25824098,96.35453771,201.76307937,240.81300953
172.0,26013707.72567313,25673106.62691096,25550307.72715194,96.04084906,202.23443750,241.57517703
172.5,26013699.10632555,25673118.24213404,25550326.70387977,95.70947856,202.68695664,242.31807658
173.0,26013690.02705856,25673129.37380815,25550345.18843379,95.36042647,203.12063712,243.04170855
173.5,26013680.48787912,25673140.02194192,25550363.18082331,94.99369307,203.53547929,243.74607329
174.0,26013670.48879414,25673150.18654396,25550380.68105756,94.60927861,203.93148348,244.43117118
174.5,26013660.02981052,25673159.86762284,25550397.68914577,94.20718337,204.30865001,245.09700257
175.0,26013649.11093514,25673169.06518713,25550414.20509713,93.78740760,204.66697924,245.74356783
175.5,26013637.73217482,25673177.77924531,25550430.22892080,93.34995158,205.00647148,246.37086730
176.0,26013625.89353639,25673186.00980586,25550445.76062586,92.89481556,205.32712706,246.97890136
176.5,26013613.59502663,25673193.75687725,25550460.80022145,92.42199980,205.62894633,247.56767034
177.0,26013600.83665227,25673201.02046787,25550475.34771659,91.93150457,205.91192959,248.13717462
177.5,26013587.61842007,25673207.80058613,25550489.40312033,91.42333011,206.17607719,248.68741453
178.0,26013573.94033669,25673214.09724034,25550502.96644163,90.89747670,206.42138944,249.21839044
178.5,26013559.80240882,25673219.91043885,25550516.03768945,90.35394458,206.64786667,249.73010269
179.0,26013545.20464309,25673225.24018993,25550528.61687272,89.79273401,206.85550921,250.22255164
179.5,26013530.14704611,25673230.08650187,25550540.70400034,89.21384525,207.04431737,250.69573762
180.0,26013514.62962446,25673234.44938283,25550552.29908113,88.61727854,207.21429147,251.14966100
180.5,26013498.65238469,25673238.32884105,25550563.40212392,88.00303414,207.36543184,251.58432210
181.0,26013482.21533333,25673241.72488467,25550574.01313753,87.37111230,207.49773879,251.99972129
181.5,26013465.31847687,25673244.63752182,25550584.13213068,86.72151328,207.61121264,252.39585889
182.0,26013447.96182177,25673247.06676060,25550593.75911211,86.05423731,207.70585370,252.77273525
182.5,26013430.14537447,25673249.01260906,25550602.89409050,85.36928464,207.78166229,253.13035072
183.0,26013411.86914137,25673250.47507523,25550611.53707450,84.66665553,207.83863872,253.46870562
183.5,26013393.13312886,25673251.45416712,25550619.68807275,83.94635022,207.87678330,253.78780030
184.0,26013373.93734329,25673251.94989269,25550627.34709381,83.20836894,207.89609634,254.08763510
184.5,26013354.28179098,25673251.96225988,25550634.51414627,82.45271195,207.89657816,254.36821034
185.0,26013334.16647821,25673251.49127658,25550641.18923862,81.67937949,207.87822905,254.62952637
185.5,26013313.59141126,25673250.53695066,25550647.37237937,80.88837180,207.84104933,254.87158351
186.0,26013292.55659635,25673249.09928998,25550653.06357697,80.07968911,207.78503930,255.09438210
186.5,26013271.06203971,25673247.17830232,25550658.26283984,79.25333166,207.71019927,255.29792246
187.0,26013249.10774749,25673244.77399547,25550662.97017636,78.40929970,207.61652953,255.48220493
187.5,26013226.69372585,25673241.88637716,25550667.18559490,77.54759346,207.50403040,255.64722982
188.0,26013203.81998091,25673238.51545511,25550670.90910378,76.66821318,207.37270216,255.79299747
188.5,26013180.48651877,25673234.66123701,25550674.14071129,75.77115908,207.22254513,255.91950821
189.0,26013156.69334547,25673230.32373046,25550676.88042567,74.85643140,207.05355959,256.02676235
189.5,26013132.44046706,25673225.50294313,25550679.12825516,73.92403038,206.86574585,256.11476021
190.0,26013107.72788956,25673220.19888257,25550680.88420795,72.97395624,206.65910419,256.18350212
190.5,26013082.55561892,25673214.41155634,25550682.14829220,72.00620922,206.43363492,256.23298840
191.0,26013056.92366109,25673208.14097195,25550682.92051602,71.02078954,206.18933833,256.26321936
191.5,26013030.83202199,25673201.38713690,25550683.20088750,70.01769743,205.92621470,256.27419532
192.0,26013004.28070752,25673194.15005863,25550682.98941470,68.99693312,205.64426434,256.26591660
192.5,26012977.26972354,25673186.42974458,25550682.28610565,67.95849683,205.34348752,256.23838351
193.0,26012949.79907587,25673178.22620212,25550681.09096834,66.90238878,205.02388453,256.19159636
193.5,26012921.86877032,25673169.53943862,25550679.40401072,65.82860921,204.68545567,256.12555547
194.0,26012893.47881268,25673160.36946142,25550677.22524073,64.73715833,204.32820122,256.04026114
194.5,26012864.62920868,25673150.71627777,25550674.55466624,63.62803636,203.95212145,255.93571369
195.0,26012835.31996403,25673140.57989498,25550671.39229511,62.50124352,203.55721666,255.81191341
195.5,26012805.55108444,25673129.96032026,25550667.73813518,61.35678004,203.14348713,255.66886063
196.0,26012775.32257556,25673118.85756081,25550663.59219424,60.19464612,202.71093314,255.50655564
196.5,26012744.63444301,25673107.27162380,25550658.95448002,59.01484199,202.25955496,255.32499874
197.0,26012713.48669242,25673095.20251636,25550653.82500029,57.81736786,201.78935288,255.12419024
197.5,26012681.87932933,25673082.65024560,25550648.20376270,56.60222394,201.30032717,254.90413045
198.0,26012649.81235931,25673069.61481858,25550642.09077493,55.36941045,200.79247810,254.66481965
198.5,26012617.28578787,25673056.09624235,25550635.48604460,54.11892760,200.26580595,254.40625815
199.0,26012584.29962049,25673042.09452391,25550628.38957931,52.85077561,199.72031100,254.12844625
199.5,26012550.85386265,25673027.60967024,25550620.80138662,51.56495467,199.15599352,253.83138423
200.0,26012516.94851976,25673012.64168828,25550612.72147404,50.26146501,198.57285376,253.51507241
200.5,26012482.58359723,25672997.19058495,25550604.14984908,48.94030682,197.97089202,253.17951106
201.0,26012447.75910043,25672981.25636710,25550595.08651919,47.60148031,197.35010855,252.82470049
201.5,26012412.47503470,25672964.83904162,25550585.53149182,46.24498570,196.71050361,252.45064098
202.0,26012376.73140537,25672947.93861530,25550575.48477431,44.87082318,196.05207749,252.05733282
202.5,26012340.52821771,25672930.55509493,25550564.94637408,43.47899296,195.37483043,251.64477630
203.0,26012303.86547699,25672912.68848725,25550553.91629841,42.06949523,194.67876270,251.21297170
203.5,26012266.74318843,25672894.33879899,25550542.39455462,40.64233021,193.96387457,250.76191932
204.0,26012229.16135725,25672875.50603685,25550530.38114997,39.19749808,193.23016630,250.29161943
204.5,26012191.11998860,25672856.19020746,25550517.87609169,37.73499906,192.47763814,249.80207233
205.0,26012152.61908763,25672836.39131747,25550504.87938696,36.25483333,191.70629035,249.29327828
205.5,26012113.65865946,25672816.10937346,25550491.39104296,34.75700110,190.91612319,248.76523758
206.0,26012074.23870918,25672795.34438198,25550477.41106679,33.24150255,190.10713692,248.21795050
206.5,26012034.35924183,25672774.09634957,25550462.93946557,31.70833789,189.27933178,247.65141731
207.0,26011994.02026245,25672752.36528273,25550447.97624637,30.15750731,188.43270804,247.06563830
207.5,26011953.22177605,25672730.15118791,25550432.52141620,28.58901099,187.56726594,246.46061375
208.0,26011911.96378758,25672707.45407157,25550416.57498207,27.00284913,186.68300574,245.83634391
208.5,26011870.24630199,25672684.27394008,25550400.13695091,25.39902193,185.77992768,245.19282907
209.0,26011828.06932421,25672660.61079983,25550383.20732969,23.77752956,184.85803201,244.53006950
209.5,26011785.43285910,25672636.46465715,25550365.78612529,22.13837222,183.91731898,243.84806547
210.0,26011742.33691154,25672611.83551833,25550347.87334457,20.48155010,182.95778884,243.14681724
210.5,26011698.78148634,25672586.72338968,25550329.46899436,18.80706337,181.97944183,242.42632508
211.0,26011654.76658831,25672561.12827740,25550310.57308147,17.11491223,180.98227819,241.68658927
211.5,26011610.29222223,25672535.05018773,25550291.18561266,15.40509685,179.96629816,240.92761006
212.0,26011565.35839281,25672508.48912683,25550271.30659465,13.67761742,178.93150199,240.14938772
212.5,26011519.96510479,25672481.44510086,25550250.93603415,11.93247413,177.87788991,239.35192251
213.0,26011474.11236285,25672453.91811592,25550230.07393783,10.16966714,176.80546217,238.53521469
213.5,26011427.80017164,25672425.90817810,25550208.72031231,8.38919665,175.71421899,237.69926452
214.0,26011381.02853580,25672397.41529345,25550186.87516418,6.59106282,174.60416062,236.84407227
214.5,26011333.79745991,25672368.43946799,25550164.53850003,4.77526584,173.47528729,235.96963817
215.0,26011286.10694856,25672338.98070771,25550141.71032637,2.94180588,172.32759923,235.07596250
215.5,26011237.95700627,25672309.03901854,25550118.39064971,1.09068311,171.16109668,234.16304551
216.0,26011189.34763758,25672278.61440644,25550094.57947654,-0.77810229,169.97577986,233.23088745
216.5,26011140.27884695,25672247.70687727,25550070.27681324,-2.66455015,168.77164901,232.27948857
217.0,26011090.75063883,25672216.31643691,25550045.48266626,-4.56866030,167.54870436,231.30884912
217.5,26011040.76301768,25672184.44309117,25550020.19704193,-6.49043256,166.30694612,230.31896935
218.0,26010990.31598788,25672152.08684587,25549994.41994662,-8.42986677,165.04637453,229.30984951
218.5,26010939.40955379,25672119.24770674,25549968.15138661,-10.38696277,163.76698981,228.28148984
219.0,26010888.04371977,25672085.92567955,25549941.39136818,-12.36172038,162.46879218,227.23389060
219.5,26010836.21849011,25672052.12076996,25549914.13989754,-14.35413943,161.15178187,226.16705203
220.0,26010783.93386911,25672017.83298367,25549886.39698092,-16.36421977,159.81595910,225.08097436
