"相对路径","大小字节","修改时间"
"01_训练数据\training_q_width2_strict.csv","285540","2026-06-13 13:52:11"
"01_训练数据\training_q_width4_dl_coverage.csv","84244","2026-06-16 01:08:51"
"01_训练数据\training_q_width4_strict_training.csv","336466","2026-06-15 13:55:26"
"01_训练数据\training_q_width6_dl_coverage.csv","564653","2026-06-16 15:56:33"
"01_训练数据\training_q_width6_guided_coverage.csv","6898768","2026-07-02 14:13:39"
"01_训练数据\training_q_width6_symmetry_discovery.csv","425344","2026-07-03 18:26:30"
"01_训练数据\training_q_width8_symmetry_discovery.csv","62513","2026-07-03 18:22:33"
"02_训练代码\feature_engineering.py","5715","2026-09-29 16:47:53"
"02_训练代码\find_new_designs.py","12643","2026-09-29 18:03:50"
"02_训练代码\predict.py","2164","2026-09-29 16:47:24"
"02_训练代码\train_final_mlp.py","9398","2026-09-29 17:12:21"
"03_最终模型\deep_model_summary.csv","478","2026-07-03 19:08:55"
"03_最终模型\metadata.json","1975","2026-07-03 19:08:55"
"03_最终模型\preprocessing.joblib","3873","2026-07-03 19:08:05"
"03_最终模型\torch_mlp_history.csv","9374","2026-07-03 19:08:55"
"03_最终模型\torch_mlp.pt","241496","2026-07-03 19:08:55"
"04_训练输出\final_mlp\deep_model_summary.csv","480","2026-09-29 17:14:44"
"04_训练输出\final_mlp\metadata.json","1969","2026-09-29 17:14:45"
"04_训练输出\final_mlp\preprocessing.joblib","3873","2026-09-29 17:14:44"
"04_训练输出\final_mlp\test_predictions.csv","4464745","2026-09-29 17:14:45"
"04_训练输出\final_mlp\torch_mlp_history.csv","9633","2026-09-29 17:14:44"
"04_训练输出\final_mlp\torch_mlp.pt","240926","2026-09-29 17:14:44"
"04_训练输出\final_mlp\training.log","1664","2026-09-29 17:14:45"
"04_训练输出\README.md","436","2026-09-29 16:47:24"
"05_仿真与数据追加\config\design_search_config.json","279","2026-09-29 18:02:38"
"05_仿真与数据追加\config\project_config.json","701","2026-09-28 18:13:35"
"05_仿真与数据追加\input\designs_width6_example.csv","211","2026-09-29 17:35:58"
"05_仿真与数据追加\java\ScanWidth6ModesForStrictMacArgs.class","10156","2026-09-28 18:14:51"
"05_仿真与数据追加\java\ScanWidth6ModesForStrictMacArgs.class.recovery","0","2026-09-29 17:37:14"
"05_仿真与数据追加\java\ScanWidth6ModesForStrictMacArgs.class.status","19","2026-09-29 17:37:14"
"05_仿真与数据追加\java\ScanWidth6ModesForStrictMacArgs.java","8525","2026-06-15 22:28:30"
"05_仿真与数据追加\java\ScanWidth8ModesForStrictMacArgs.class","10628","2026-07-03 01:59:17"
"05_仿真与数据追加\java\ScanWidth8ModesForStrictMacArgs.java","9057","2026-07-03 01:58:51"
"05_仿真与数据追加\models\plain_width6_model_manual10.mph","76192037","2026-06-16 01:09:17"
"05_仿真与数据追加\models\plain_width8_model_manual10.mph","76192302","2026-07-03 01:59:38"
"05_仿真与数据追加\output\README.md","314","2026-09-29 17:38:02"
"05_仿真与数据追加\python\append_verified_data.py","2732","2026-09-29 17:35:58"
"05_仿真与数据追加\python\simulate_and_score.py","11592","2026-09-29 17:38:15"
"05_仿真与数据追加\README.md","2790","2026-09-29 18:10:45"
"05_仿真与数据追加\reference\strict_mac_initial_vectors.csv","74093","2026-06-12 18:26:42"
"05_仿真与数据追加\RUN_NEW_DATA.bat","828","2026-09-29 17:38:44"
"训练最终模型.cmd","995","2026-09-29 17:12:38"
"运行预测示例.cmd","415","2026-09-29 17:12:38"
"AUTO_FIND_AND_RUN.bat","585","2026-09-29 18:01:11"
"auto_find_and_run.py","2324","2026-09-29 18:10:45"
"example_input.csv","220","2026-09-29 16:47:24"
"GENERATE_NEW_DESIGNS.bat","558","2026-09-29 18:01:11"
"generate_new_designs.py","277","2026-09-29 18:01:11"
"predict.py","366","2026-09-29 17:06:42"
"README.md","4103","2026-09-29 18:10:45"
"requirements.txt","75","2026-09-28 18:13:35"
"RUN_GENERATED_DATA.bat","574","2026-09-29 18:10:45"
"START_TRAINING.bat","995","2026-09-29 17:12:38"
"train.py","374","2026-09-29 17:06:42"
