"相对路径","SHA256","大小字节"
"01_训练数据\training_q_width2_strict.csv","F1FF27F3E29A0698477E3AA3668393B761C3F036EB8753811FB68C5A7275C186","285540"
"01_训练数据\training_q_width4_dl_coverage.csv","8E095C7CD323948797BEC5866B0EBE23473C694C192B852B69F9F8C4B8B949A6","84244"
"01_训练数据\training_q_width4_strict_training.csv","AF38AA3A9B6E5897EB15CFD19BC0D80B1E2AF6D6CC94C06FFF5A9C4A5F2C9FCF","336466"
"01_训练数据\training_q_width6_dl_coverage.csv","7D40C8CED568656A7228BE883335E3F7299CE043E0EB2AD391E4EDAFB0C072A0","564653"
"01_训练数据\training_q_width6_guided_coverage.csv","0F1C67944C7D63F1816C840EB142745B356A860C6E9FC8D4F790A3DA2211B4A1","6898768"
"01_训练数据\training_q_width6_symmetry_discovery.csv","AB3D3B75471A5EF85412E13AA095D63F7521CFEFD4EFBD3B31065E1031021D63","425344"
"01_训练数据\training_q_width8_symmetry_discovery.csv","BB3B00E38FDCE9EC5E565777242E6820B90E8E448DDDCE57D1B038548DA1214B","62513"
"02_训练代码\feature_engineering.py","D4C3157880BA6F85117EB1BA211211146D6733FF6EF6312C1D4350D184E612AE","5715"
"02_训练代码\find_new_designs.py","400528C7A3702EF11F1990BE9898AAF38A39AC3B29971ADAE599EB05468D5CB9","12643"
"02_训练代码\predict.py","7246F9CE9BB812ADFAA9EF5D98A18865549F9D33A06D9E6ADD065D6BDBEAA1F5","2164"
"02_训练代码\train_final_mlp.py","AFEC643EC6FCAF6A4E65119A378A001CE1EFD83A7E2CF8A6BF82E0CBE0EF3579","9398"
"03_最终模型\deep_model_summary.csv","B23A3EC9A66134B93BCC0293717DDAC0C27BF9A697D9C3A0FD26F4C922739826","478"
"03_最终模型\metadata.json","2DA8D9BB185FDF68705F55F326B30F2B396BB5B28D721A82F46A038F74103789","1975"
"03_最终模型\preprocessing.joblib","6F978A0722F195A53A2A3C3014359F27D48CD3BBEE8001B7C844177E2BC5F6C1","3873"
"03_最终模型\torch_mlp_history.csv","667A06144CF4EBECFC58A627452A899ED30BB7A870ADDC06146EFFF9FD0DD71D","9374"
"03_最终模型\torch_mlp.pt","B7DB1A2779FBDFF8F9C0E0D989ADA478A20679211B4F46F844B98494D32241A5","241496"
"04_训练输出\final_mlp\deep_model_summary.csv","EB701C7CAE7FA9E5E6DAA18FDE00ED3AB628A222EED891A9AFF0FBD98CE5F29A","480"
"04_训练输出\final_mlp\metadata.json","6CDB974253055AABD3855ED92B55790B5B0C32A09B92D7F3EE0C0BCDD1C49291","1969"
"04_训练输出\final_mlp\preprocessing.joblib","A9D19241C0F89225F5A75E7E6C6540B9B8DCEC63B1D0DA479099F84BAF20083C","3873"
"04_训练输出\final_mlp\test_predictions.csv","365579E36EBD5263F4A7F30E86E1C37E27D293F837B3F4D213924EA35F584614","4464745"
"04_训练输出\final_mlp\torch_mlp_history.csv","15D65625D4A8CE39ACC4350617F68A29265C9FCD4910B32BBB212341BC079ECB","9633"
"04_训练输出\final_mlp\torch_mlp.pt","C15C45FC4A813CCDD1685E065A779BFF3C50F79661E633BC707862F89AA5A510","240926"
"04_训练输出\final_mlp\training.log","016AA6B08B56139967213F5F992DD6B95D338785C2DD240944BD2D3065D6053B","1664"
"04_训练输出\README.md","610E1F342472D53C31DB75A771134E4D30BB170B6DCC58DCAC4C2065581F5194","436"
"05_仿真与数据追加\config\design_search_config.json","8719131CA708BB873AB3C9B537B6A3B2A99704915AE9779865C0ECB2C39ECF4E","279"
"05_仿真与数据追加\config\project_config.json","83E2472C76A2C7460A55D28B99F624EB00E01326AAF7BAB84248D6E7C42CD20C","701"
"05_仿真与数据追加\input\designs_width6_example.csv","B517838286DD4D0D1BFC5FA2C3BE65910691C73D1AA6908538DB7488ED8064CB","211"
"05_仿真与数据追加\java\ScanWidth6ModesForStrictMacArgs.class","7AC9F5F1004A234D3DFAB1CA73B67847C65CA37C7E2F4D43207AABB0CC6373E3","10156"
"05_仿真与数据追加\java\ScanWidth6ModesForStrictMacArgs.class.recovery","E3B0C44298FC1C149AFBF4C8996FB92427AE41E4649B934CA495991B7852B855","0"
"05_仿真与数据追加\java\ScanWidth6ModesForStrictMacArgs.class.status","FE600D53C350FBA551D276F6225E504D104B390EF5D97BF522483DD167742990","19"
"05_仿真与数据追加\java\ScanWidth6ModesForStrictMacArgs.java","16DE02BC66AB4E08A7B1397DC4C775CFDEF719D94BFA31951904208E785C4D1D","8525"
"05_仿真与数据追加\java\ScanWidth8ModesForStrictMacArgs.class","EE85206D764190096DFF850A99109E0B42E554DB42D87E77A1C2A377A820A4A8","10628"
"05_仿真与数据追加\java\ScanWidth8ModesForStrictMacArgs.java","68D5E8A098471182F616604401AD87F1E47B4390B291ADF3709EC94CC1DF6CF7","9057"
"05_仿真与数据追加\models\plain_width6_model_manual10.mph","A89ED9A069F95CBE55285DECF56A2993535DDD1FF3521E78F9F7C41D97D91FC1","76192037"
"05_仿真与数据追加\models\plain_width8_model_manual10.mph","3F9E42D32E65999A8745D9A989AA200238136E4F9376E9BB591F3A9F32B26E15","76192302"
"05_仿真与数据追加\output\README.md","D53562FD6A745ABF2F471EC9E0344883928E8D55E43C76BF53BF580F97C7F11E","314"
"05_仿真与数据追加\python\append_verified_data.py","3F791D1EFF6985CCCC85525375CFF459D7F20BFC7032483EB4A4A941BFB30DF2","2732"
"05_仿真与数据追加\python\simulate_and_score.py","E45732177D7821945E559A70F970C52CA527F7B5260C644CAFE73EF935BC6F1E","11592"
"05_仿真与数据追加\README.md","7CEAA6DDB13303B22D7DE9F2BD270C5A03D7D533CC0D33279E13E49A03C70438","2790"
"05_仿真与数据追加\reference\strict_mac_initial_vectors.csv","D928953BCF50485444396D81C3CD6C6093D6D6FE40A453F9D34CFF901BE3F481","74093"
"05_仿真与数据追加\RUN_NEW_DATA.bat","11B982EAF8510DA058482E9742C3411763CFC57F11067AFE1FEBC8F8A538AE68","828"
"训练最终模型.cmd","46FCDD08AEF63EB87730BE7BD161CB2757277273585A61033C0FCB55C6176AD8","995"
"运行预测示例.cmd","C3AE5B265DD4CD931BE766559538B2B0FFB15E0FB3BA6342B66D6B1C80A9F4E9","415"
"AUTO_FIND_AND_RUN.bat","5FAC4551959701D0A37EB0542B0ACFB0F24F4B8F437E647D980C7F2ECA3CC737","585"
"auto_find_and_run.py","1FE393DBCC718AF62377CAB6B03B180202455CF020842288535A62832198F459","2324"
"example_input.csv","E9F0A22A30DF990D18C0633911775E55F29A82F75080D5AFCD4F4E0439410274","220"
"GENERATE_NEW_DESIGNS.bat","4AA5A4E7B86020ED8FA4E4AC567DB3FBF1CC66135B5362600B50E98E7D0468F7","558"
"generate_new_designs.py","9C95DB4866662AC9F19D6B4A85D3B1D66593DFA988DF3CBA22C7CF2E73466AF9","277"
"predict.py","205F8E48433BAFE804CDE75892569988A5D871A99857AC240F405DD30BCADE55","366"
"README.md","7F75AA20C29EA24053ED409E0AC0AC716ABA473BB7D78102F99ABF961087C648","4103"
"requirements.txt","D1D1063BC178E61E91C5D6BD8783D1265D4395BB1513E8DFF5870F2F336C511A","75"
"RUN_GENERATED_DATA.bat","FF8254EB753CFD693A9C1C63F2BBC3FF70C72929400C0CECD096CCCAD084706D","574"
"START_TRAINING.bat","46FCDD08AEF63EB87730BE7BD161CB2757277273585A61033C0FCB55C6176AD8","995"
"train.py","EC707B6762526D75D0A380106913314632CBB8DD82FBBF8B3DF63BDF0142986C","374"
