train_loss,val_loss
0.1745357996225357,0.052473124116659164
0.07148852877318859,0.04386566951870918
0.06020253926515579,0.037171877920627594
0.052007367461919786,0.03418956324458122
0.048572350144386295,0.03267820179462433
0.0443998109549284,0.031322699040174484
0.04207547381520271,0.03053938038647175
0.039549774415791036,0.02741389162838459
0.03626112006604672,0.02534516341984272
0.0357229795306921,0.02432934381067753
0.03351685058325529,0.025389695540070534
0.03142072416841984,0.02158196084201336
0.030227319784462452,0.022963056340813637
0.029098912365734576,0.021222133189439774
0.027923318669199945,0.020828619599342346
0.02669941958039999,0.020977532491087914
0.026680790148675443,0.02036137320101261
0.02487599305808544,0.021938394755125046
0.026788896955549715,0.020184023305773735
0.024301203675568105,0.019089754670858383
0.023266374543309213,0.018745288252830505
0.02212739836424589,0.0189106035977602
0.022286015562713146,0.018987899646162987
0.021433442309498788,0.0184943750500679
0.022129869386553765,0.022173462435603142
0.021754391416907312,0.017256861552596092
0.020599350556731223,0.017913615331053734
0.020340380333364008,0.018005462363362312
0.020918872356414795,0.017353039234876633
0.021237162426114082,0.01916496455669403
0.01981491507962346,0.01697690226137638
0.018600231520831585,0.0159442201256752
0.01969734961166978,0.017583826556801796
0.01851654637604952,0.021781161427497864
0.019154950827360153,0.0172512736171484
0.018403854817152024,0.01840335875749588
0.01735754167661071,0.01744762249290943
0.019086444806307553,0.015535208396613598
0.017439198084175586,0.01681133173406124
0.01828503269702196,0.01661335676908493
0.018053732607513667,0.016208946704864502
0.016407265570014717,0.01526025403290987
0.016890592575073242,0.016607528552412987
0.016687092594802378,0.015147157944738865
0.017243083808571102,0.017052212730050087
0.01691990252584219,0.01663999632000923
0.016977737322449685,0.017540084198117256
0.017988399732857943,0.01770312897861004
0.01564916245639324,0.01527620293200016
0.016020760256797075,0.0172289926558733
0.016732258293777703,0.014694679528474808
0.016098816990852357,0.016096753999590874
0.016633155401796103,0.01755531132221222
0.015870439577847718,0.016130534932017326
0.015344956740736961,0.01615116372704506
0.01609884452074766,0.01886112615466118
0.01638378221541643,0.01648630201816559
0.015420052874833345,0.015592677518725395
0.015454905070364476,0.014816425740718842
0.016276751291006804,0.015043321996927261
0.015913688596338033,0.019116992130875587
0.01493216773495078,0.016651945188641548
0.01638469260185957,0.015340464189648628
0.015034405849874019,0.015251520089805126
0.014995236843824387,0.014692801050841808
0.014973740000277758,0.0151014169678092
0.01542134653776884,0.01520448550581932
0.015178439803421498,0.015837447717785835
0.01586124859750271,0.01758529432117939
0.014024529978632927,0.0157940536737442
0.013821607567369937,0.016944805160164833
0.015017993543297052,0.015090684406459332
0.014320466071367263,0.015573370270431042
0.015028747487813235,0.01574445329606533
0.014968984685838222,0.01629062555730343
0.014151053931564093,0.01629730686545372
0.01448286697268486,0.015607263892889023
0.015263674091547727,0.015738438814878464
0.014441275782883168,0.014780952595174313
0.013818755764514207,0.015016601420938969
0.014646427612751723,0.015912871807813644
0.013991662114858628,0.015204316936433315
0.013313455563038588,0.014422361738979816
0.014406147748231887,0.014902468770742416
0.012570055015385152,0.015452084131538868
0.0142227007355541,0.016466990113258362
0.012892146017402411,0.014598118141293526
0.014522403888404369,0.015986040234565735
0.013925252519547938,0.01559561025351286
0.014752801954746247,0.015142182819545269
0.014887491669505835,0.015300744213163853
0.01360613651573658,0.015613808296620846
0.013245005505159496,0.015344234183430672
0.014861809499561786,0.01476216595619917
0.013806059416383505,0.014624958857893944
0.013465913282707333,0.015588678419589996
0.013005575966089963,0.015401635318994522
0.013425879888236522,0.015538200736045837
0.013221625462174416,0.015582842752337456
0.013760690446943044,0.016895022243261337
0.014374320693314076,0.015400180593132973
0.013257940653711558,0.014967883937060833
0.012387105887755752,0.014957190491259098
0.012806711439043283,0.014401037245988846
0.012649552775546908,0.01425345242023468
0.011866704542189837,0.014852816238999367
0.012127595245838165,0.014221969991922379
0.011518170367926359,0.014832139015197754
0.011152770202606917,0.015261607244610786
0.012645369525998831,0.014967038296163082
0.012045992519706488,0.014759098179638386
0.011143145756796003,0.014847355894744396
0.011984530901536346,0.013590185903012753
0.011866964073851705,0.014469608664512634
0.01170542892999947,0.014601278118789196
0.01186696058139205,0.014224742539227009
0.01109413812868297,0.014248272404074669
0.011731888651847839,0.013706959784030914
0.011750192921608687,0.014186019077897072
0.01165284464135766,0.014796636067330837
0.012250972650945187,0.015521242283284664
0.012073903931304813,0.014732126146554947
0.011887090215459466,0.014705661684274673
0.013053244380280375,0.014604955911636353
0.01246619957499206,0.01402218546718359
0.011376327527686953,0.014438736252486706
0.011990822134539485,0.014280535280704498
0.011449909014627337,0.014051049016416073
0.011187988920137287,0.013874265365302563
0.011895691826939583,0.014715946279466152
0.011543370056897402,0.013646790757775307
0.011410122234374286,0.013603812083601952
0.011631426438689231,0.013700797222554684
0.01170513765886426,0.013703017495572567
0.011298040775582194,0.013440636917948723
0.010703851766884327,0.014269597828388214
0.010694182319566608,0.013292879797518253
0.011630501998588443,0.013578377664089203
0.010885237427428364,0.013659733347594738
0.011552072716876865,0.013740829192101955
0.011161826914176345,0.014122989028692245
0.010633886456489564,0.013582437299191952
0.010981468828395008,0.013672028668224812
0.011083246264606715,0.01401432603597641
0.011416093166917562,0.013566172681748867
0.012067222511395812,0.01408686675131321
0.010289582945406437,0.014047540724277496
0.01170583862811327,0.013804091140627861
0.011192149166017771,0.013548705726861954
0.010457176249474287,0.014040956273674965
0.010409251106902957,0.013771635480225086
0.011703162137418986,0.013491831719875336
0.011154040610417724,0.014050052501261234
0.01113716935738921,0.013689595274627209
0.010436529517173767,0.013876727782189846
0.010994118843227626,0.013691739179193974
0.01101157335564494,0.013922496698796749
0.010472958553582429,0.013252348639070988
0.010551815684884787,0.013509545475244522
0.011411627503111959,0.013442330993711948
0.010423320792615414,0.01384351309388876
0.009667887464165687,0.013410749845206738
0.010259108869358897,0.013356858864426613
0.011466772481799125,0.013583383522927761
0.010136322611942887,0.013100961223244667
0.009725314099341631,0.013738819397985935
0.01074924748390913,0.013640939258038998
0.010173196764662861,0.013672145083546638
0.009973176773637533,0.013439456932246685
0.010876190103590488,0.013534508645534515
0.01108232549391687,0.013529940508306026
0.0106142642442137,0.013451517559587955
0.01061501882970333,0.013364439830183983
0.010832954058423638,0.013310195878148079
0.010429763672873378,0.01326962560415268
0.010515403281897307,0.013456441462039948
0.010408926084637641,0.013739009387791157
0.010009650159627199,0.013949328102171421
0.010225151292979717,0.013490362092852592
0.010689091822132468,0.0136655792593956
0.010146541958674789,0.013568339869379997
0.010208099195733667,0.013238967396318913
0.011262802854180336,0.01338910311460495
0.010425504259765149,0.013711351901292801
0.010935960439965128,0.013408158905804157
0.010556517839431763,0.013224106281995773
0.011058712545782327,0.013505312614142895
0.01075801140628755,0.013447107747197151
0.010819004140794277,0.01340192835777998
0.01108712046407163,0.013326648622751236
0.010915654823184013,0.013177317567169666
0.011000225041061639,0.014250238426029682
0.011169207049533725,0.013977594673633575
0.009864494428038597,0.013494404964148998
0.011494123628363013,0.013281477615237236
0.010708426386117935,0.013210657052695751
0.010553957102820278,0.01322713028639555
0.011069981288164854,0.013484406284987926
0.010021656015887857,0.013323824852705002
0.010588099481537938,0.013495218940079212
0.009573272485285998,0.013324574567377567
0.009834919292479753,0.013339950703084469
0.009939039023593069,0.013392259366810322
0.01036320548504591,0.013592110015451908
0.011097159208729864,0.013583681546151638
0.009515206338837743,0.013491611927747726
0.010557694183662534,0.013507375493645668
0.009251768812537193,0.01343932282179594
0.010393261900171638,0.013346237130463123
0.010511757433414459,0.013888465240597725
0.009648199807852507,0.014459675177931786
0.01096573742106557,0.01330551877617836
0.010262664100155234,0.01347233634442091
0.009972187206149102,0.013462965376675129
0.010271223159506918,0.013322520069777966
0.010451682936400175,0.013482353650033474
0.010522502195090055,0.01326381042599678
0.010363485580310226,0.013430971652269363
0.01095726178959012,0.013331765308976173
0.010159190967679024,0.013724456541240215
