order,batch,index,a_ring_um,h_ring_um,C1_um,S1_um,C2_um,S2_um,C3_um,S3_um,C4_um,S4_um,source_kind,width_min_um,width_max_um,selected_mode_index,selected_freq_MHz,selected_Q,selected_Q_candidate,same_sign_fraction,breathing_uniformity,best_strict_mac,best_ref_label,valid_for_Q
4,1,1,126.03913053038987,9.411865665765806,-1.7111923011327703,0.08426611267759432,0.3839686427990323,-0.3498470703298324,-0.37660466075530974,-0.8560929271697568,-0.28137671000428366,0.03990417982496608,stratified_coverage,6.952052576476584,11.983320674779783,10,9.75737299119,11368199.8339,11368199.8339,1.00000000,0.98663016,0.97441533,width2_d1_m8,1
4,1,2,129.2929334497892,10.823006686237509,-1.2721313518096098,0.17538838821605562,-0.35347625422008244,0.07868766577884267,1.094853925481829,-0.310719605048951,0.690264105087611,-0.7651484628621404,stratified_coverage,7.991315170771289,13.112145283058892,8,9.55024533076,19085010.6667,19085010.6667,1.00000000,0.98936455,0.98093230,apodized_d3_m10,1
4,1,3,122.68126243623715,11.02503165531348,0.18420427291205144,-0.4080800111836931,-0.2727608585403132,0.8915021564662358,-0.5155841036297768,-0.6160845701651647,-0.39098371748999255,0.13571232834694347,stratified_coverage,9.192518361433699,12.702141047052617,10,10.0319319575,13657726.3522,13657726.3522,1.00000000,0.99512019,0.99126720,width2_d1_m8,1
4,1,4,125.96233576922741,13.076861914606656,0.5186876249122376,-0.2064642394625078,0.3660281405782858,0.28851502482575475,0.20779486464986685,0.23941673643811134,0.25308064830994365,0.24857764163633994,stratified_coverage,12.312702510835928,14.655930018642687,10,9.78387340178,22177659.3543,22177659.3543,1.00000000,0.99872258,0.99733127,width2_d1_m8,1
4,1,5,127.6603440730787,8.832227784647205,-0.24666243817509592,-1.8096225998646158,-0.7228500563934428,-0.10932691243490233,0.03277963483135293,0.5785460370450941,-0.05749990680093442,-0.33987450163654054,stratified_coverage,7.055278417739411,11.9964856703915,8,9.63672185786,18470999.6876,18470999.6876,1.00000000,0.98823288,0.97716631,width2_d1_m8,1
4,2,1,123.36126992735288,10.65862006332673,-1.9358415477348057,-0.6156550877282936,0.8365110548736763,-0.6721681082577791,0.22705542958079383,0.4757526471456224,-0.3554328920548795,0.5219945685515894,stratified_coverage,7.331236399013563,13.264032204616043,10,9.97492785956,12002172.4606,12002172.4606,1.00000000,0.98420307,0.96968496,width2_d1_m8,1
4,2,2,124.31101425309957,11.36882772811649,-0.12292153707525522,-0.34426591369100645,-0.550781829931376,1.2916369350158508,-0.08129710198936224,0.5509067265644749,0.056738895229425323,-0.11419314584665341,stratified_coverage,9.558794784758438,13.32353260474393,10,9.90991941868,22425402.8201,22425402.8201,1.00000000,0.99513902,0.99036766,width2_d1_m8,1
4,2,3,127.37467416314348,12.398569672958542,0.1309567071639517,0.3128851752775641,0.5857531588720846,0.0006809193182983897,-0.7030274690652112,0.08316096859900246,-0.1837033599489869,-0.08551195850873028,stratified_coverage,11.091725180550153,13.474834101451936,10,9.66630452909,17131890.9125,17131890.9125,1.00000000,0.99769591,0.99610257,width2_d1_m8,1
4,2,4,128.36907095776183,8.93952161234141,-1.2343199384040773,-0.3184435253663245,-0.20430135009860395,-0.6431525544992005,-0.4522312085444684,-0.06307287492386338,-0.1457759281602815,-0.11831443881276105,stratified_coverage,6.624617316527307,10.510830571845517,9,9.58305295229,18944467.1312,18944467.1312,1.00000000,0.99030890,0.98133366,width2_d1_m8,1
4,2,5,122.37580625613556,9.829696961873536,-1.5827929567841057,0.15665136654678546,1.2057267171279034,0.6846096712760887,-0.39399232100088477,-0.251807555141094,-0.23281868104882908,-0.028572056982073546,stratified_coverage,7.81559939640233,13.020982716369414,10,10.0510643014,13921725.2722,13921725.2722,1.00000000,0.98907639,0.97926227,width2_d1_m8,1
4,2,6,125.50070878820104,10.4825061566536,0.771962678741752,0.8964889290375813,-1.6874658763883097,-1.0539829222207304,-0.8708173578784394,0.3208335584572688,0.525977486728805,0.1692650339690328,global_random,6.83087234681289,13.284852150174261,6,8.66232893216,101698.12396,101698.12396,1.00000000,0.99446860,0.97756894,width2_d1_m8,1
4,3,1,126.82985769129596,11.411406847452362,0.9716257796317174,0.04791472472816238,0.48061044718358414,1.2092052140941123,-0.7570792081830847,-0.5811177168516412,0.6957466866594957,0.13970026931939938,stratified_coverage,7.907044475664431,13.128466478048342,7,8.43904361761,99166.4064979,99166.4064979,1.00000000,0.99556460,0.98270472,width2_d1_m8,1
4,3,2,129.68127858852594,13.496920500418703,-0.06557215554076967,0.4678932330037253,0.34389990556794925,0.3977554147156507,0.21893374518563535,0.24689837043115148,-0.07086992213925472,-0.012164570692667687,stratified_coverage,12.347426856995428,14.464447050855428,10,9.49813981784,16142329.6984,16142329.6984,1.00000000,0.99849525,0.99747622,width2_d1_m8,1
4,3,3,123.01812300219918,8.930180446564965,-1.9588335409987827,0.09446508205041848,-0.3826442108342545,-0.6095884996847138,0.5873917916379869,-0.5265770773092471,-0.49219733458068515,0.4254930600694029,stratified_coverage,6.588842018896958,11.932117454203214,10,9.99717957096,12029121.4819,12029121.4819,1.00000000,0.98235087,0.96613200,width2_d1_m8,1
4,3,4,129.40555844875524,9.663023757047704,0.43308250235955414,-0.26697337732741655,1.1170544501277007,-0.6802835018984406,-0.8389663849387536,-0.39556625203335916,0.30988495950091766,0.4676872215308483,global_random,7.055646738772575,11.604885949248786,10,9.52600527612,7098131.34635,7098131.34635,1.00000000,0.98891827,0.97731184,width2_d1_m8,1
4,3,5,127.58449882273199,10.898170598813302,0.8733072835323528,-0.09188549183585026,0.38518596915265024,0.2914509406232695,-1.0676697319472856,-0.054085337583379856,-0.5355720176167247,0.34453550544402867,stratified_coverage,9.186653558255,12.99999562803908,9,9.64317959005,11713537.45,11713537.45,1.00000000,0.99371981,0.98874338,width2_d1_m8,1
4,3,6,129.02332887105266,12.107113959146634,0.559971916942168,-0.5427679447893246,0.365827396865148,0.028853682373245038,0.008617142332088434,1.0284839865765263,-0.14787755531545022,-0.19378308154663215,stratified_coverage,9.955559038649586,13.476579843466745,10,9.54180924042,16830094.1456,16830094.1456,1.00000000,0.99547408,0.99167145,width2_d1_m8,1
4,4,1,128.40439103938849,8.0,0.9297142353955105,-0.3387147665425284,0.10857001164993485,0.17099869408010684,0.410849437826784,0.46095344122889026,0.3063600236037235,0.13101474363524562,highQ_anchor,7.012888048619902,9.92246284026161,8,9.59556268064,34848710.135,34848710.135,1.00000000,0.99461041,0.98866119,width2_d1_m8,1
4,4,2,125.96332565092541,8.521013514092937,-0.3652588491208042,-0.12795506791269107,-0.37218933637246443,-0.7888082314090217,0.22304031884444808,0.0543136853101045,-0.18138858840791006,-0.5127708662286177,stratified_coverage,6.929106717183998,9.947568875397453,10,9.76843265967,16796659.3734,16796659.3734,1.00000000,0.99480721,0.99018345,width2_d1_m8,1
4,4,3,126.21509401815162,9.279163748874812,-2.077881950376402,0.1257836528695342,0.5477138200110294,0.1655468679218146,0.6767255991446055,0.21634378331569493,0.2750502249075275,0.2902542930500567,stratified_coverage,6.639998867358563,11.578817898143491,10,9.7704342167,22543106.7845,22543106.7845,1.00000000,0.98415607,0.96868542,apodized_d3_m10,1
4,4,4,128.55594728276603,10.425214528191972,-1.9220199217842526,-0.6847253523217232,0.5641796807604356,-0.5642392045990048,0.6228548271886192,-0.3814945715911896,-0.11906038163366683,0.2421732566412289,stratified_coverage,7.27389273717184,12.876910726251992,8,9.58077314706,19973529.2546,19973529.2546,1.00000000,0.98569250,0.97169988,width2_d1_m8,1
4,4,5,123.11272407895723,11.604100610643705,-0.39965200881074514,-0.48398147115042467,1.4351732730851527,0.155900416844724,0.6365082585249122,0.7940636628505573,-0.09985847225066391,-0.2265000414193079,stratified_coverage,8.751303431401704,13.41101451853042,10,9.99984097619,14840556.3825,14840556.3825,1.00000000,0.99084018,0.98248107,width2_d1_m8,1
4,4,6,125.07734321864424,12.603917340305486,0.20010315865213457,-0.5329585486054418,0.5095547671409651,0.42970376499239304,0.03092961994497395,-0.1997532026625033,-0.17488257632376833,-0.045817937946820514,stratified_coverage,11.414766475078995,13.6432162702237,10,9.84468031161,17530255.7073,17530255.7073,1.00000000,0.99810282,0.99691086,width2_d1_m8,1
4,5,1,126.60554883157573,8.938719013414545,1.8732476972696839,0.3958859573727813,-0.18141123349952037,0.6224044821305272,0.20588758776827798,-0.7477050073675557,0.026687611440533887,-0.7632775386989128,stratified_coverage,6.7047723264390555,11.545433755302083,10,9.72448435577,15351938.6329,15351938.6329,1.00000000,0.98270136,0.96589793,width2_d1_m8,1
4,5,2,128.81079135212124,9.830778533561677,-0.9261336038320747,0.11626460070330813,-1.2788225248618525,-1.6581731114637763,0.0025462205092039447,-0.2976626530830725,0.34896885010432954,0.10521360718429162,stratified_coverage,6.627054175160628,12.621705663599,10,9.57202655105,20854864.521,20854864.521,1.00000000,0.98327380,0.96663730,apodized_d3_m10,1
4,5,3,123.46818620446312,10.197893295772197,2.082919425222295,-0.9028346972599841,0.41280408046899386,0.27051227526370414,0.0023096958985286964,-0.15163279768375504,0.2153206986870262,0.6023936558454135,stratified_coverage,7.131323353633146,13.051621280480642,9,9.981419114,21525491.3158,21525491.3158,1.00000000,0.98497226,0.96980671,width2_d1_m8,1
4,5,4,129.37899273951803,8.746196487476746,0.025850658409580757,-1.2614158854632005,-0.7698939159929582,0.0006542098870873092,-0.126302894419809,-0.22790092608807058,0.03127629504041801,0.1437500031637265,highQ_anchor,7.339557469337633,10.707691640476021,8,9.51571331691,26626828.2047,26626828.2047,1.00000000,0.99326793,0.98662568,width2_d1_m8,1
4,5,5,129.553033795483,11.895071945174905,-1.0430262299665651,-0.3177275356823861,-0.5200712791104909,0.14375000737232435,-0.9418203262974632,-0.6696101639541774,-0.4273204833828443,-0.32754981247722914,global_random,8.683584387537572,13.422331647918476,10,9.49676759258,11748741.4509,11748741.4509,1.00000000,0.99079300,0.98300174,width2_d1_m8,1
4,5,6,128.09426202985617,8.87388652108967,-0.6338652213291269,-0.030536247730977628,0.19073317043952498,-1.1343610451159891,-0.9188796780476408,0.5323637730858388,0.2512528712985551,0.5562978206597469,stratified_coverage,6.553786269295285,10.968107235360298,9,9.6222548623,14876754.6976,14876754.6976,1.00000000,0.98912274,0.97777869,width2_d1_m8,1
4,6,1,122.87528457853786,9.780849651945022,-1.8221361464236177,0.6661590555925136,-0.6627770891834577,-0.2023899866629515,-0.11520105044749918,1.0070188791925156,0.22642259237469675,-0.7593210339802564,stratified_coverage,7.240623442501535,13.153800775906742,9,10.0305218861,12841449.2053,12841449.2053,1.00000000,0.98331853,0.96648480,width2_d1_m8,1
4,6,2,124.61794422529518,10.302069854576612,-0.6286970238139993,-0.9259748893378961,0.3340163242365588,0.28920326253734197,1.0669321833712666,0.6056167530511656,-0.4218137604614956,0.6922800802790074,stratified_coverage,7.103415716215847,12.442651331725461,9,9.87333624608,9203433.92496,9203433.92496,1.00000000,0.98723118,0.97582024,width2_d1_m8,1
4,6,3,127.97732524078039,11.192623274624504,0.24651247530955578,0.6167959421555715,0.5282836922987022,0.9727394665336588,-0.2899302775317891,-0.13229651325184988,0.4336786888716593,0.2010462159166735,stratified_coverage,9.749475642625523,12.685624903265584,9,9.63417480629,35448760.0418,35448760.0418,1.00000000,0.99617744,0.99201846,apodized_d3_m10,1
4,6,4,129.0182828296065,12.621642219778241,-0.3073685053737664,-0.7103407680204089,-0.2617871732918558,-0.285345217764243,0.011738103393277632,0.18309326677359383,0.14096621619724858,0.2781018171922289,stratified_coverage,11.413497745836638,14.051650661533714,10,9.5489997951,25529356.3335,25529356.3335,1.00000000,0.99851904,0.99709786,width2_d1_m8,1
4,6,5,123.40170946195128,8.918027232065917,0.8151484386001937,-0.41378798701280517,0.8422525717773961,1.601375784704002,0.5251622739619892,0.8783516081185234,0.5771028898716841,0.256090411629079,stratified_coverage,6.616103654179753,12.637715739827923,10,10.0014932855,13843179.9403,13843179.9403,1.00000000,0.98342200,0.96874972,apodized_d3_m10,1
4,6,6,125.65369975393051,9.439209492937993,-0.7587978395928126,-0.6785944087812505,0.3338063395042441,0.17352162732293497,0.9310074014894192,0.8251190301679812,0.27953010291870783,0.6379205199491207,stratified_coverage,6.592294921570162,10.97522507663698,10,9.81232217935,2242494.93616,2242494.93616,1.00000000,0.98182432,0.96316769,width2_d1_m8,1
4,7,1,126.98334146544512,10.236426147837378,0.4259377108518141,0.4917195397940777,-0.993366811250475,-0.9278897420272053,0.24301097424610907,-0.8079694832871217,0.7080697302960102,0.30483784868581054,global_random,8.409649437346053,13.473702729966018,8,9.7174289968,21121558.4092,21121558.4092,1.00000000,0.99226520,0.98609442,apodized_d3_m10,1
4,7,2,129.9919360150775,11.20965410302484,1.1121895567195845,0.4823399694613655,-1.3987364678702905,-1.540951871468385,0.5022252096448789,0.12062493887491543,0.3927935784321104,-0.5344832754844747,stratified_coverage,7.073814566731539,13.446094769863256,5,8.26199849504,97356.7074508,97356.7074508,1.00000000,0.99685617,0.97939717,width2_d1_m8,1
4,7,3,123.84716365100942,12.883079470576483,0.6014485746951992,0.5583926119845695,-0.33102127574565243,-0.06699497825960843,-0.134480457794044,0.3152880398539559,0.004564781948601437,-0.13307505545020562,stratified_coverage,11.424637481015683,14.030471669626662,10,9.94689360902,18487357.6453,18487357.6453,1.00000000,0.99815396,0.99664589,width2_d1_m8,1
4,7,4,123.91635876953467,10.40708535543347,-0.5051493474940214,1.2694923892150505,0.10455131009207341,0.8092061321607174,0.27472738399954344,0.2931074154327775,-0.37499166054202093,-0.6971678849481178,global_random,7.544992816989712,12.43689111387738,9,9.93222327257,12194343.3314,12194343.3314,1.00000000,0.98967149,0.98034519,width2_d1_m8,1
4,7,5,126.46465519035013,9.706103533423553,-0.493214992797242,0.5853795843682428,-0.13391104573643897,-1.4188114807356353,-0.5657601179814568,-0.6440598852436861,0.47169513531348417,0.12759758493495743,global_random,7.367662004113707,11.700846979598216,5,8.75602562688,104098.680305,104098.680305,1.00000000,0.98387815,0.95065492,width2_d1_m8,1
4,7,6,129.4542486187449,10.851984936945101,1.1088729244545252,-0.37044944151800263,-0.191505031446483,1.6118920919928088,0.04943896385989621,-0.9465161635286302,-0.1244499921198381,0.7014278168417343,stratified_coverage,6.705353830350664,13.078578498015863,8,9.51797616692,12548404.7469,12548404.7469,1.00000000,0.98137935,0.96320849,width2_d1_m8,1
4,8,1,123.59348371886666,11.06996785003297,1.6698954456750532,-0.5577926694878366,0.2677077303818123,0.6208028957928124,-0.7265314965634584,-0.2724709937149048,0.5908943522848469,-0.6071772377560434,stratified_coverage,7.350200153918921,13.248979429704377,10,9.988263395,23657746.3319,23657746.3319,1.00000000,0.98668600,0.97511439,apodized_d3_m10,1
4,8,2,124.11588750513633,12.304111968373782,-0.09374903901970655,0.2352044789619303,0.4318756553810327,0.052240965050693866,0.11848204668662843,-0.0925822591599299,0.08489073810299669,-0.26494764310239666,stratified_coverage,11.291531241379513,12.943141995164316,10,9.92520151075,22768299.289,22768299.289,1.00000000,0.99918754,0.99855434,width2_d1_m8,1
4,8,3,126.31179959366777,8.988272885811968,-0.5133563201860563,-1.0077276576340664,-1.068684009274202,-0.998259581500143,-0.060930486716834764,0.5210990681107188,0.1878049618478339,-0.12400653119231075,stratified_coverage,6.960773061672138,11.826397362663544,10,9.75133235999,23361075.8566,23361075.8566,1.00000000,0.98892366,0.97773308,width2_d1_m8,1
4,8,4,129.864249833974,9.55876858313603,1.590438468004848,-0.9511138306579825,-1.010809048453055,-1.1319600975049489,0.5480074089788525,-0.2115031705958228,0.3968329327899993,-0.10880167638184646,stratified_coverage,6.6826518270379,12.005252301416316,10,9.48972435497,24988511.0533,24988511.0533,1.00000000,0.98086183,0.96149457,width2_d1_m8,1
4,8,5,127.70822625867193,8.404317573358039,-0.20785912670994056,-0.275216186607179,-0.2155920288257197,0.3087088793469568,-0.2839092776286652,-0.3296894489638155,0.16781618769840717,0.10819669438882946,highQ_anchor,7.422656390176625,9.29114301959099,8,9.64502649296,32498047.5228,32498047.5228,1.00000000,0.99825195,0.99617168,width2_d1_m8,1
4,8,6,125.00574892338462,11.113384825586285,-0.64355125997053,0.3880100871224075,0.7489409520327908,0.32204468395689,0.2679718317196593,0.7605088010559398,-0.7588509141961954,-0.37456325389698863,stratified_coverage,9.222109962150267,13.454047858382706,10,9.83716081225,9662893.45801,9662893.45801,1.00000000,0.99291835,0.98778507,width2_d1_m8,1
4,9,1,127.28679366730411,12.297289888262146,-0.5195241509438824,0.07628240267532882,0.344362927084748,-0.12453661351711398,-0.14548618826715776,0.2873164851499209,-0.06597997357394955,0.08979094512176983,stratified_coverage,11.628338045935433,13.378928879769456,10,9.67428023183,20337874.78,20337874.78,1.00000000,0.99885397,0.99818159,width2_d1_m8,1
4,9,2,126.8025825803479,9.694831576013762,0.04762726336279455,-0.026484796383146936,-0.5515632363956113,1.7645556908354447,-0.7197054652045428,-0.3548152068889737,0.1807277956021217,0.680032213494447,global_random,6.686323037721287,11.827366239128352,5,8.77657104174,102046.498696,102046.498696,1.00000000,0.99805996,0.98449889,width2_d1_m8,1
4,9,3,129.03200674995668,9.781718293336167,0.03711745291162183,1.7926258645791324,-0.7975436281694668,-0.5006174672492132,-0.9487051486886158,-0.012231175994989574,0.1286276115516607,-0.7138170611005855,global_random,7.140732723388712,13.343123033669702,10,9.54868437106,8028268.9078,8028268.9078,1.00000000,0.98517785,0.97038354,width2_d1_m8,1
4,9,4,125.82598703174243,10.05336031352518,-0.20433812584645894,0.35153389790593526,0.1699556815946186,0.31846068700035013,0.6467483284811109,0.5500809376833795,-0.09329261786754317,-0.7187170659970784,stratified_coverage,8.063451822043561,11.44787994754743,8,9.78639773067,14402276.7207,14402276.7207,1.00000000,0.99498051,0.99031202,width2_d1_m8,1
4,9,5,126.18624752436506,11.20926331455981,1.4778468055842557,-1.2980941170970401,0.3597343543315874,0.11857472721692375,-0.11175698628086284,0.7432280814612218,-0.6187164288774174,-0.24965761809090414,stratified_coverage,7.956940556739149,13.225774173296163,10,9.74354633642,10331654.8144,10331654.8144,1.00000000,0.98598161,0.97394021,width2_d1_m8,1
4,9,6,128.06510152429374,12.308957635061269,-0.0304792706957957,-0.47509289345714467,0.21440876138278597,-0.4114992988206797,-0.05264909704720022,0.26979199505899065,0.0181399033917915,-0.21945295910177798,stratified_coverage,11.363300309229196,13.08716269671858,10,9.61725984899,22066432.2609,22066432.2609,1.00000000,0.99878852,0.99786890,width2_d1_m8,1
4,10,1,122.59637172151942,8.999115411356511,-0.7921934574482457,-0.11362458269729325,1.0268369569985916,-0.6307773770266236,-0.4329418451516506,-0.926119936059688,0.248804686565109,0.4647762004838447,stratified_coverage,6.870140050702692,11.88561919488375,10,10.051296776,11129493.1074,11129493.1074,1.00000000,0.98854962,0.97683180,width2_d1_m8,1
4,10,2,129.88302032587623,8.0,0.45555175455863445,0.37001283203694735,-0.25842639421321756,0.1199813084010506,-0.17014490962783801,-0.2985260672730974,0.36847804809610735,0.14951707307135237,highQ_anchor,6.92488418172486,9.313867775500094,8,9.49098010001,43393780.9174,43393780.9174,1.00000000,0.99747430,0.99510278,apodized_d3_m10,1
4,10,3,127.85018379878755,10.51595089530287,-0.6774668729628786,1.4736923333767646,-1.214858043277344,-0.20627432144999025,-0.17018597746779796,0.7374893377942735,-0.44372086939250244,0.2500358820266304,stratified_coverage,7.450908965750255,13.249973776806693,8,9.62099634674,12758767.2638,12758767.2638,1.00000000,0.98655067,0.97447776,width2_d1_m8,1
4,10,4,128.2709707902466,11.525027410029965,-0.6086712731055015,-0.34787334331873576,0.27167376004752497,-0.7160717447520417,0.05035933640880086,0.06555079914847628,0.7297063195098037,-0.4376917811978187,stratified_coverage,9.371603543165103,13.39883521599178,10,9.62037349201,36293051.0507,36293051.0507,1.00000000,0.99645691,0.99438748,apodized_d3_m10,1
4,10,5,122.27090521331765,13.312060343522335,0.3635896952098927,0.24386053610630354,0.41194785625497243,-0.6151821195157121,0.06741050768880535,0.21958923935474195,-0.11445702484769324,0.02409384300174572,stratified_coverage,12.261476633977114,14.191373199051537,9,10.0740497348,15146985.8449,15146985.8449,1.00000000,0.99815343,0.99693029,width2_d1_m8,1
4,10,6,125.7083238069529,8.805794302181017,0.384335974985917,0.177244634453412,0.32096848279122603,0.1284492040233587,-0.365261283519959,0.14083245353207485,0.40885987280396474,0.714026387504141,stratified_coverage,7.222827780478463,10.269809545300618,10,9.80986926927,22723757.507,22723757.507,1.00000000,0.99601261,0.99231640,apodized_d3_m10,1
4,11,1,126.22054496671532,9.172099743701148,-0.036289428968628634,-0.7271154344187383,1.7205457366223074,1.1964608907813157,0.42540436282896477,-0.03032143886249572,0.24432479237181526,-0.20165878025912765,stratified_coverage,6.64071707859412,11.54647249452415,5,8.86460871032,103941.573337,103941.573337,1.00000000,0.99435649,0.97286600,width2_d1_m8,1
4,11,2,129.61784840287257,10.485517510924113,1.200473633075319,-0.006924074428388494,-1.1911517147475157,-0.2148299833299283,-0.07750941128915634,0.06480249134509863,-0.1753187350757358,-0.3229273102237201,stratified_coverage,7.802800761551042,11.999101296549203,8,9.49258016376,17573920.8958,17573920.8958,1.00000000,0.99055486,0.98194672,width2_d1_m8,1
4,11,3,122.18359488520407,11.163837898690188,0.3326573207771819,0.31377424947198795,-0.47661526436358104,0.37059800280210964,-0.8097586276215589,-0.7115411168082841,-0.1249569748871201,0.18319209711289286,stratified_coverage,9.6396371893432,13.031234235121069,10,10.0775565726,15963753.2669,15963753.2669,1.00000000,0.99582303,0.99220875,width2_d1_m8,1
4,11,4,128.07467150672196,11.086177970607212,-0.17449340616606124,-0.15620971500638392,0.5950266610609691,-1.0193667614310769,-0.29903493323324926,-1.0118315947190581,-0.24727050950917195,-0.08170399918810001,global_random,9.197526421621466,13.492962715694278,8,9.61121794575,15301823.0757,15301823.0757,1.00000000,0.99382236,0.98839886,width2_d1_m8,1
4,11,5,127.76252401170535,8.971635575589394,0.6296940803811042,0.3438609359830762,-0.35313349038898223,0.3049009474108899,0.3988350745444107,0.8175829558186805,-0.20644259672183962,-0.17815897112617718,stratified_coverage,7.002198853203211,10.580656093007386,10,9.62903379882,15944358.3496,15944358.3496,1.00000000,0.99364435,0.98801384,width2_d1_m8,1
4,11,6,129.39755245871865,9.091393482344811,0.25737884256645893,0.6846606232227193,-0.6112595397870351,0.7228860974825901,0.9520096171450598,0.36143618673247646,-0.240017003372342,0.6694189555612797,stratified_coverage,6.863992297432474,11.075244172774676,8,9.50876543289,11747665.4844,11747665.4844,1.00000000,0.98893812,0.97872984,width2_d1_m8,1
4,12,1,123.22010838151022,10.139177940846615,1.174649299847812,1.0666106316882207,-1.0526965428232051,-0.09815664825899173,0.40840375113545413,-0.02219200599442539,-0.7026832515441601,0.10799913982495701,stratified_coverage,6.786379755155988,12.056016870437062,9,9.97025416895,9022665.49302,9022665.49302,1.00000000,0.98380127,0.97001707,width2_d1_m8,1
4,12,2,124.19184003356268,11.285219262133511,0.33279222704142875,0.41597914796349356,0.7621484329615067,-0.35692729353179775,0.1887232109670911,0.2776088543100015,-0.22717716675350208,-0.18877706205629374,stratified_coverage,10.149769411296354,12.464751436041842,10,9.91040268689,16592739.7257,16592739.7257,1.00000000,0.99707493,0.99496561,width2_d1_m8,1
4,12,3,127.53433324612914,12.937793615346322,0.040094135674880294,-0.006359966733081257,0.19358826332542367,-0.16369859644456314,0.29446959443683807,-0.18954249024491895,0.24236572141776475,0.18689053848387832,stratified_coverage,12.096147788616136,13.709900401755636,10,9.66281670424,28116913.184,28116913.184,1.00000000,0.99957240,0.99902001,width2_d1_m8,1
4,12,4,129.77650930979115,8.762992326025438,-0.19309663854992998,-1.1390768867239371,-1.6483746874985883,0.6518648209038125,-0.07029777345348709,1.0679255323633368,0.3450019201545975,-0.5878236684173577,stratified_coverage,6.966988801195768,13.233138542217322,8,9.49248725771,15112224.3994,15112224.3994,1.00000000,0.98549560,0.97089556,width2_d1_m8,1
4,12,5,122.8518745905992,9.152918365115356,-0.46074785134306984,-1.3701676129708975,0.9346322109615832,0.600657217651485,-0.6253822668719333,-0.1133313036700444,0.5216215192345033,0.5437684823900986,stratified_coverage,6.722264813949952,12.321750919971556,10,10.04024901,16857411.9584,16857411.9584,1.00000000,0.98673984,0.97434661,apodized_d3_m10,1
4,12,6,125.23310774088691,10.052796951086286,-1.522265033763652,0.9023918161113937,-1.5611434025928963,-0.7831028991707669,-0.11866487943652393,0.49808999216951033,-0.13000564160255745,0.019360757704126152,stratified_coverage,6.683910472238267,13.062425166813334,8,9.82401949706,15212398.4013,15212398.4013,1.00000000,0.98003065,0.96121510,width2_d1_m8,1
4,13,1,126.57269004335126,11.336936979468652,1.7620610017939007,0.7604173506422081,-0.3277554806528593,-1.3879264963112221,-0.3558761872644719,0.9448810359225588,0.09155205781462272,-0.024565548869547094,stratified_coverage,6.946045533542521,13.22251742723554,7,8.47090006054,99189.2304571,99189.2304571,1.00000000,0.99022683,0.96007659,width2_d1_m8,1
4,13,2,129.27536627132312,12.417852387679206,0.647059089503925,-0.6471973995243565,0.14833150112559423,0.018272454717675135,0.10240715834966646,0.3599312417594853,0.16148207346506654,0.182457975654573,stratified_coverage,11.39902802261403,13.598732564970563,10,9.52959205971,25843031.7309,25843031.7309,1.00000000,0.99818497,0.99640287,width2_d1_m8,1
4,13,3,122.05620981748038,8.888241338634217,-1.0346961713293037,0.7811712367083272,0.5552827001947696,-0.06319011530828322,0.8228160630735133,-0.6910093132539286,0.06904365449793526,0.6748879480550396,stratified_coverage,6.8992699968461375,11.359192442896475,10,10.0919469478,12267356.607,12267356.607,1.00000000,0.98775621,0.97561767,width2_d1_m8,1
4,13,4,125.28307164312282,9.1401162760712,-1.0950448374006911,-0.7760857554871461,0.9615656196116256,-1.094650384085626,-0.6991160463256807,0.5120890549421289,0.759439282346136,-0.12009751354814302,stratified_coverage,6.78565760254968,12.897179382069217,10,9.85242598547,15992347.7563,15992347.7563,1.00000000,0.98536139,0.97309472,apodized_d3_m10,1
4,13,5,127.05962303929262,8.425665156394892,0.2094629810260945,-0.4890670751067012,0.18450897660698412,-0.03657243655638532,-0.17359147412536965,-0.6394711091122053,0.41524067728398106,0.130986671698278,highQ_anchor,6.9425097013329164,9.387402759456425,8,9.7057026477,35399713.0797,35399713.0797,1.00000000,0.99660715,0.99392119,apodized_d3_m10,1
4,13,6,123.54637742847228,10.811712160170122,-0.788564064848513,-0.17915674073765508,1.5874497172006048,-0.15828725577704406,0.9404715623055075,0.8786992770525099,0.28902835833422613,0.6400740794065976,global_random,7.218747372178353,13.335875982734512,7,8.80756562415,101946.860693,101946.860693,1.00000000,0.99736490,0.97863644,width2_d1_m8,1
4,14,1,123.09379581664949,13.475854950969639,-0.7350070788639841,0.10875300229098472,0.05344986329824519,0.33118975807891493,0.16873045197687098,0.3463687134428841,0.021035642727217696,0.17173403456413516,stratified_coverage,12.009179686008792,14.172425537142917,8,10.0094143626,18694719.4188,18694719.4188,1.00000000,0.99843988,0.99723642,width2_d1_m8,1
4,14,2,124.64696029582508,8.973379510857402,0.31844739807909717,-1.1255691412516011,0.5174674088827007,1.5608451188548516,-0.1153327082631509,-0.023605529837176675,-0.2561397473491388,0.44076873735332556,stratified_coverage,6.5493052213897,11.4748104383943,10,9.87415652322,16271188.4744,16271188.4744,1.00000000,0.98459743,0.96991971,width2_d1_m8,1
4,14,3,127.97983259421729,9.722732366495759,-0.15267972751889225,-1.870885330594126,0.08022438572551915,0.34572689721671135,-0.7175777330983892,0.41094178555226235,-0.1132108247374981,0.014290740465739526,stratified_coverage,6.870142884508395,12.002048319184098,10,9.61402922694,5071466.83097,5071466.83097,1.00000000,0.98377441,0.96828899,width2_d1_m8,1
4,14,4,129.71177285665024,10.971732413186086,0.09878429530056065,-0.385961509807798,-1.6567245286913297,1.5414037945747066,-0.6114250660006572,0.10119413373829689,-0.001058278229633891,0.430927380497917,stratified_coverage,8.079169730677423,13.133591657585999,5,8.35850258756,97670.4151585,97670.4151585,1.00000000,0.99636947,0.97568405,width2_d1_m8,1
4,14,5,122.56378365758363,11.581719525398539,-0.7841524324481333,-1.0592770042061022,0.07659643099993674,-0.8977145155140117,0.158082930164277,-0.7552114023146133,0.4757039337306037,-0.4907541094620349,stratified_coverage,8.050970682249751,13.228519554624064,10,10.066912539,23607822.4131,23607822.4131,1.00000000,0.99032310,0.98113545,apodized_d3_m10,1
4,14,6,128.0918321653266,9.318556255561973,-0.7720934437161693,-1.0701110103659057,1.0882345918947938,-1.0833448795854514,-1.0823520539456473,-0.40010736419890924,0.24194571480678895,-0.24217082837238024,global_random,6.973414576647109,12.52254448288611,10,9.62046395773,12550060.5806,12550060.5806,1.00000000,0.98459775,0.96898685,width2_d1_m8,1
4,15,1,126.19089139340356,8.996091426121875,-1.3235933236694386,-0.5345215284879337,0.03243148891616898,0.4151558816914218,-0.01607113696868878,-0.666518665790814,-0.19761108416118645,0.430889370006335,stratified_coverage,7.49124737023873,11.923854265994004,10,9.75093498327,16919106.0751,16919106.0751,1.00000000,0.99224453,0.98513946,width2_d1_m8,1
4,15,2,129.8998489005709,9.38415770168608,-0.36095543258503926,-1.1260664639485995,1.755052624446099,-0.2738895084382964,0.2674048736230552,-0.7175989270297614,0.3692226725490644,-0.09028461607056004,stratified_coverage,6.722780227446819,11.944751137797427,10,9.48867595993,20942699.7837,20942699.7837,1.00000000,0.98471337,0.96900997,width2_d1_m8,1
4,15,3,123.11904932227071,10.209055642333066,-0.17440155223133624,0.655199706797644,-1.194107577293892,0.41652048893948224,0.5673623992670258,-0.1134913902104343,0.08816121161009749,-0.3954172401520524,stratified_coverage,8.647634247054736,12.27773654438014,10,10.002533836,19508266.6494,19508266.6494,1.00000000,0.99378244,0.98772817,width2_d1_m8,1
4,15,4,127.81361399448939,8.781875454933132,0.0939901132914476,-0.29908913776862506,0.24290970599549344,0.24654774786575598,0.321007282919069,-0.03239096587694664,0.10004074846475236,0.0334146440949606,highQ_anchor,8.226322919354704,9.544467115233383,10,9.63417753737,30088029.2961,30088029.2961,1.00000000,0.99892462,0.99774613,width2_d1_m8,1
4,15,5,126.31641941296449,12.526866612538472,-0.29130935740982333,0.851277160428709,0.6987440731059016,0.07991075656946611,0.10141695393239103,-0.32528563112038167,-0.14916341563137114,-0.1412452774462707,stratified_coverage,10.409869747641764,13.36312763532499,10,9.74699269143,17397343.3684,17397343.3684,1.00000000,0.99646401,0.99365907,width2_d1_m8,1
4,15,6,125.69656973668371,11.190666482162868,-0.38752744001225636,-1.013535210026078,0.036565890385106936,-0.663504512054782,0.5673837252170362,-0.3683102175382935,0.7140021154449678,0.3652575845744672,global_random,8.028925970441117,12.53962622439047,10,9.82024331869,33054550.2834,33054550.2834,1.00000000,0.99258848,0.98711358,apodized_d3_m10,1
4,16,1,122.55851059829743,9.137381980603875,0.8095754075041355,0.8280990102352352,0.34661467953435054,0.37383700145327325,0.036181777637064316,-0.059301821464824434,0.07968781161628391,0.2648964188986942,stratified_coverage,7.805502996254084,10.935416111990667,10,10.0470871222,25426260.0602,25426260.0602,1.00000000,0.99515346,0.99032299,width2_d1_m8,1
4,16,2,128.73831701328905,8.58970594157024,0.2734728062983449,-0.2350783165916231,0.004052365014332093,0.27806404083695635,-0.4979652997110342,-0.4972792425986534,0.24303347046197882,-0.1822471585107845,highQ_anchor,6.984285601848686,9.556945267851455,8,9.57236095586,29640655.5306,29640655.5306,1.00000000,0.99696709,0.99333374,width2_d1_m8,1
4,16,3,127.24589317481663,11.268715987717675,-1.3474928032170301,-0.956627761389649,-0.7515735039090254,0.4297954526372403,-0.9194099214619678,0.6187494010727983,-0.4227569727697045,-0.17394462421367418,stratified_coverage,7.798515952531503,13.17688778448815,9,9.66359968255,10712505.8092,10712505.8092,1.00000000,0.98526129,0.97229609,width2_d1_m8,1
4,16,4,128.26107350657742,8.097945218044963,0.3175107856551578,0.21016214381005136,-0.23438039397485755,0.3725715393495114,-0.32310427904128863,0.052322028514140695,0.1701608484429066,0.06513073402568871,highQ_anchor,7.280014280893266,9.064945743241239,8,9.60388158324,34679613.9081,34679613.9081,1.00000000,0.99837095,0.99635235,width2_d1_m8,1
4,16,5,127.8308052105585,8.12306793966531,-0.06923582184967329,0.14693064339955242,-0.2714591558385541,0.3018087524033752,-0.30334510700857953,0.14162526275182605,0.40118499481634473,0.04785822775102044,highQ_anchor,7.202379312311674,8.920620193142994,8,9.64476117787,44415450.8437,44415450.8437,1.00000000,0.99838444,0.99718315,apodized_d3_m10,1
4,16,6,125.41989017568648,9.604126362086637,0.09635921724462859,-1.0182880991831706,-0.1263890750525416,1.4207339128738539,0.2797821948877459,0.6274988074200198,0.10326369449812511,0.6065891079844525,stratified_coverage,7.695498811894722,11.567415894246986,5,8.87193596892,105160.163731,105160.163731,1.00000000,0.97859335,0.93084274,width2_d1_m8,1
4,17,1,124.06626215783284,10.426702655974509,-1.7180556075725317,-1.5686361986442667,-0.21544947125530944,-1.0988997049040496,-0.777371515352663,0.0001839130214766893,-0.3100774596225382,0.16265135767773697,global_random,7.057696588853836,13.078392767940848,9,9.91497504042,12777825.5113,12777825.5113,1.00000000,0.97808410,0.95771842,width2_d1_m8,1
4,17,2,129.94730370666178,11.174693873186774,-0.23042545093622313,-0.9786538229814363,-0.027026687192401422,-0.3407027344114639,-0.09159782765268942,-1.079221777416396,-0.18552707751676567,-0.27079189253502367,stratified_coverage,8.949763164692907,13.243158130560733,8,9.47587393272,17426509.3575,17426509.3575,1.00000000,0.99456695,0.98960805,width2_d1_m8,1
4,17,3,122.99604627927397,12.495933196676589,0.4096894190646527,-0.7046763869172648,0.4016966867940278,-0.5026965364831073,0.22945695518449738,-0.1665181308309982,0.18735631463715097,-0.059901807306778104,stratified_coverage,11.171922541198334,14.108238725561646,10,10.0184903073,22286178.485,22286178.485,1.00000000,0.99803868,0.99603894,width2_d1_m8,1
4,17,4,124.71295517846993,8.89083496707685,-0.12210092059858368,0.045095561088909886,1.7172553468889948,-0.271566343877262,-0.22903446895514512,-0.04939900702516464,0.7562418512021349,-0.07235103147570088,stratified_coverage,7.272489330088919,11.728018695966838,5,8.99831707144,105828.82432,105828.82432,1.00000000,0.99658858,0.98835012,width2_d1_m8,1
4,17,5,127.142475488705,9.926949489366855,-0.980902181158116,0.3220305383627129,0.8630495457885485,-1.0302180242017034,0.11487147293643218,-1.0200288721981838,0.3291766412612003,-0.12860644590226722,stratified_coverage,7.223714839409557,11.986725567503905,8,9.69488339025,6812789.33594,6812789.33594,1.00000000,0.98667469,0.97287424,width2_d1_m8,1
4,17,6,124.12189815485372,8.64098911416518,0.16384709199515468,-0.5293735156159409,-0.4783319543080091,-0.864876011742577,-0.6799363600050415,0.4427700864625712,0.04275552011781447,-0.05695532987227314,global_random,7.135953740479287,10.883885569026631,10,9.9206778226,20966482.6998,20966482.6998,1.00000000,0.99400860,0.98803114,width2_d1_m8,1
4,18,1,128.34140566936765,9.33989014460168,-0.6555061633771253,-1.5110822226561664,-0.3268326393740051,-0.1069217015239019,-0.5132466484404429,-1.0678374054534467,-0.3966635703657973,0.6432874968203461,global_random,7.212222956222686,12.230375521148735,10,9.58731080575,11313206.2454,11313206.2454,1.00000000,0.98655303,0.97415668,width2_d1_m8,1
4,18,2,125.36112338536323,12.466078075887811,0.17351526231233638,0.7638971341102474,0.2913426513065167,-0.2877141197103572,-0.28517242534839304,-0.08689619905603463,0.025722286691485907,0.5088510765019754,stratified_coverage,10.478950413123236,13.388387161364882,10,9.82667936312,20061308.0702,20061308.0702,1.00000000,0.99736068,0.99501368,width2_d1_m8,1
4,18,3,127.62037057460725,8.550309484228874,1.4933509956838056,0.05160620321828935,1.315415419220843,1.0615327437393558,0.7893719722119916,0.6132821750140571,0.11752458608515803,0.26303933444092875,stratified_coverage,6.788642039280092,12.954469286383315,8,9.6463111145,18241235.8185,18241235.8185,1.00000000,0.98549213,0.97130452,width2_d1_m8,1
4,18,4,126.86278366696313,9.121888120406677,1.4442978957957138,-0.7580020822287417,-0.9352207690241021,0.31920786264292045,-0.13395446142179368,0.9850621928498771,-0.15623198460252485,0.37489623351460777,global_random,6.72004503214084,11.937876711861499,10,9.69612885622,14696896.6071,14696896.6071,1.00000000,0.98482995,0.97067105,width2_d1_m8,1
4,18,5,122.00897174148929,10.221305974561426,-0.9522596441167053,1.029330550061157,0.4241555502918126,-0.04334588640241055,0.8105978390593649,0.7411139402975788,-0.13943733934527847,0.09731497619417018,stratified_coverage,7.881010098416933,12.904919756685587,10,10.0943276283,17524083.9454,17524083.9454,1.00000000,0.99167732,0.98366567,width2_d1_m8,1
4,18,6,126.06033456432124,10.006290316967508,-0.7836335952584133,-0.42898069359271784,1.1364836953175652,0.9873374697271242,0.8930535069870753,0.8327060134115662,0.3005131552925493,0.522228558144546,global_random,7.2406661982504685,12.439275048781672,5,8.75345386751,102548.29638,102548.29638,1.00000000,0.99236240,0.96902070,width2_d1_m8,1
4,19,1,127.02292112201792,12.719621956335542,-0.6351643016453353,-0.0673817875630488,-0.28139570615526616,0.3814820976150316,-0.007771563950806248,-0.10853346754600646,0.06468942552204193,0.12723656183582438,stratified_coverage,11.659618521458224,13.681060372119314,10,9.69792541968,22890428.9387,22890428.9387,1.00000000,0.99878751,0.99779009,width2_d1_m8,1
4,19,2,128.9007586074293,8.914187964064903,-0.8764391965592824,-1.5237052299925657,-0.05413371180560622,0.8970263286020395,1.0232497376789604,-0.7327955856537055,-0.42759419102738505,0.06622158904809561,stratified_coverage,7.089046280165517,13.195497128918337,8,9.54572598758,13775607.2788,13775607.2788,1.00000000,0.98737178,0.97565282,width2_d1_m8,1
4,19,3,124.61979861694574,11.318553453187148,-1.2205508720111529,-1.5779769552458973,0.1015556003108753,-0.8884566430159216,-0.4377841408153873,-0.9652094126433833,-0.016351821340143458,-0.11434679965319017,global_random,7.696207009837722,13.469684119261103,10,9.88778002056,19593468.3487,19593468.3487,1.00000000,0.98495345,0.97013464,width2_d1_m8,1
4,19,4,124.46519729699851,10.48529898067864,2.1496437055225055,-1.374745635536229,0.129578414724129,-0.20083365070677606,0.6672059861573665,1.0598654182703946,-0.06088159895900669,-0.3879246429905958,stratified_coverage,7.188897037695274,13.372265871135006,9,9.8840229676,11495031.4898,11495031.4898,1.00000000,0.97770195,0.95682843,width2_d1_m8,1
4,19,5,127.35177770767694,11.863184002505708,-0.8164596965974871,0.9195197985915446,0.18688591572168023,1.5735004456189265,0.5655061892211317,-0.05704734878181972,0.7428211111207146,0.12711574810855064,stratified_coverage,7.924981542583922,13.495804995280082,5,8.3143541667,97715.4524274,97715.4524274,1.00000000,0.99771777,0.98734750,width2_d1_m8,1
4,19,6,129.2980427852987,13.37861037148273,0.4122112759007086,-0.19916457527889353,-0.25120592434584377,0.30915328441425216,-0.09950607564728664,-0.3237834938132812,-0.16183326777974189,-0.14506815747622606,stratified_coverage,12.406425857930522,14.123137916289625,10,9.52464701286,16771007.3548,16771007.3548,1.00000000,0.99864662,0.99796491,width2_d1_m8,1
4,20,1,122.42699565833223,8.793002347662624,0.4407764582138416,1.4636556954063953,-1.337216579598812,-0.013396319966591852,0.32201915463924724,-0.10040291622111075,0.10544102697847768,0.029325432605333823,stratified_coverage,6.713979593050662,11.823012950724834,10,10.0546040658,22401052.2993,22401052.2993,1.00000000,0.98776311,0.97582527,width2_d1_m8,1
4,20,2,124.08129411645064,9.967288931906015,-0.08281088108695256,1.65133281622062,1.001782925622939,-0.4695791331653816,0.6734150096261218,0.5556200314920596,0.5581311850369537,-0.41668130972852657,stratified_coverage,7.087622314854278,12.426743670008364,9,9.94407956696,12479315.5705,12479315.5705,1.00000000,0.98534861,0.97205509,apodized_d3_m10,1
4,20,3,127.7415105157372,10.480523683425288,-0.4020063589468177,-0.3068745752381883,-0.6630129647882399,-0.17503943577249692,-0.3980007967034245,0.10939138560436334,-0.01337729251908093,-0.10114547794196205,stratified_coverage,8.965647352813312,11.614297332733136,8,9.63694055862,22934840.1715,22934840.1715,1.00000000,0.99735035,0.99504386,width2_d1_m8,1
4,20,4,128.30001502002528,11.514178657643603,-0.49946598802605857,-0.70007857153915,0.5025446268438045,0.24487520005975516,0.983454973275272,0.8808155348679534,0.22367090692034175,0.7402955618838545,stratified_coverage,8.475610265643452,13.47938044112036,10,9.60698729029,15500983.7987,15500983.7987,1.00000000,0.99092457,0.98174025,width2_d1_m8,1
4,20,5,122.07517317282512,12.558609508843036,-0.6215581528237302,-0.4461072387063893,0.5358625954092117,0.06779827011173278,0.37078196730635704,-0.32009242324102166,0.2518797326023145,-0.018161166177296295,stratified_coverage,11.077259622159394,13.867483853984371,10,10.096252183,21831132.511,21831132.511,1.00000000,0.99801620,0.99584106,width2_d1_m8,1
4,20,6,127.22380706025226,11.670907534721323,-0.4597620881681417,-0.4404754745899231,0.41417707627529743,-1.2003931598665172,0.6860980712142906,0.3213223792234241,0.14137403299896056,0.11582150803082347,global_random,8.955814574814157,13.458538541215741,10,9.68610989064,23253110.4821,23253110.4821,1.00000000,0.99396557,0.98780423,width2_d1_m8,1
4,21,1,126.37243231247804,9.397187863765286,0.129110666938701,0.29348312482880123,1.050894659131793,-0.4888878746666676,-0.9014790515766589,0.4209034427223224,0.022356359655222646,-0.46380038171056964,stratified_coverage,7.559862054663776,11.850887688799613,10,9.74453895308,8935451.60666,8935451.60666,1.00000000,0.99106557,0.98230757,width2_d1_m8,1
4,21,2,129.22731590581216,10.578573345042752,0.8060524858268385,-0.39983973557134767,0.3378510865246731,-0.3255837417324914,0.10774387814854447,-0.7070731163665216,-0.2181592996657269,-0.1962639354738196,stratified_coverage,9.635795925765898,12.916331931215685,8,9.52326613465,17878300.5468,17878300.5468,1.00000000,0.99651500,0.99372175,width2_d1_m8,1
4,21,3,123.2647795282802,11.047544902349427,1.2913052270761982,-2.03422084817512,-0.12734759082640745,1.0961588107551379,-0.43158857461351297,0.1340678027454989,-0.7217803148936197,-0.22278265274508513,stratified_coverage,7.3017723049353584,13.306110297279833,10,9.97845651594,10063516.4842,10063516.4842,1.00000000,0.97810351,0.95830735,width2_d1_m8,1
4,21,4,124.9776105900571,13.057363305674151,0.3285944701250194,-0.5088617566452408,0.44905126743547796,-0.27284174679593265,0.14211288033864322,-0.3252290871358057,-0.11111139294133188,0.015560279816393074,stratified_coverage,12.177126077267646,14.42919157707253,10,9.85474059269,13837275.0255,13837275.0255,1.00000000,0.99806061,0.99670266,width2_d1_m8,1
4,21,5,126.3199713063376,8.949627280537943,-0.13320677048032703,-0.9599051278479525,-0.4766817987293632,1.4059450025516231,-0.1338831573232948,0.9904705591834135,0.3771770284952638,-0.33833011790246065,stratified_coverage,6.572069547894017,12.150064042644395,10,9.76142900598,16787400.5839,16787400.5839,1.00000000,0.98607090,0.97228986,apodized_d3_m10,1
4,21,6,128.15035130009335,9.196939613886656,-1.7771892029399479,0.16341229635656296,0.631207649813194,0.9105385918435187,-0.9949855387828099,-0.6226440473098556,-0.119280135035568,-0.2045354155573741,stratified_coverage,6.913531159619955,12.788778626310826,10,9.59819785156,12465421.2378,12465421.2378,1.00000000,0.98425648,0.96953427,width2_d1_m8,1
4,22,1,123.58048261884919,10.386870660181172,1.1303372284773578,0.3813732268153527,-0.5065848990452477,-0.7181557402878191,1.0593608833184134,0.18550146487383,0.5869391655840337,-0.7155308822122532,stratified_coverage,7.037739701219747,12.938866919546598,6,8.85588450769,103847.99389,103847.99389,1.00000000,0.99394151,0.97494428,width2_d1_m8,1
4,22,2,125.93779715727568,11.183749346099551,-1.7147925695537007,-0.4417382259167859,-0.9062044763857767,-0.8530322838546667,-0.49510425915026157,-0.6784739225823888,0.4821192933181524,0.06461119367911505,stratified_coverage,7.397435469060561,13.018930175035223,7,8.52275943872,100268.646266,100268.646266,1.00000000,0.99256618,0.97155961,width2_d1_m8,1
4,22,3,127.28025047957644,12.335864534299146,-0.04888664184179792,-0.37602662631110384,-0.026165001274984334,-0.24087118913155692,0.35597208365688304,0.3434232021719352,-0.12150283455247812,-0.16910559601587138,stratified_coverage,11.439488932549214,13.201310405720092,10,9.67410976087,18941652.5547,18941652.5547,1.00000000,0.99871896,0.99802525,width2_d1_m8,1
4,22,4,129.5112887798862,8.061797936757737,0.08027349784467441,1.1145463955806179,0.09004265307432946,0.3250914564841285,0.17490454842672176,0.3170336568050274,0.08433956450273017,0.12754528627492012,stratified_coverage,6.569626077628207,9.400470141938575,8,9.50922768346,31111307.8285,31111307.8285,1.00000000,0.99411819,0.98803261,width2_d1_m8,1
4,22,5,122.3780229563143,9.60269298655785,-0.6257897858007093,-1.0103727619325122,-0.4738658609546176,-1.0847348679069668,0.7425414148038012,-0.3993377710972176,-0.6770107839276689,0.3819886600505935,stratified_coverage,6.977466686629853,11.693895678232916,9,10.049125513,8728617.56654,8728617.56654,1.00000000,0.98609048,0.97385519,width2_d1_m8,1
4,22,6,128.60307239099365,8.666083880967882,-0.03249092043397778,-0.3246207035258509,0.24847267358494596,0.9107708204124627,-0.36448016427317304,-0.30912036177332985,0.24121681110820492,-0.23072779630877668,highQ_anchor,6.704525390785594,9.853395533413849,8,9.58329232657,29693574.7489,29693574.7489,1.00000000,0.99484686,0.98906701,width2_d1_m8,1
4,23,1,127.03735386377178,11.72055811070254,-0.03699574667055261,-0.007604270753151177,-1.1610745832462777,0.13549217715417616,-0.15314852272863055,-0.8029471911575495,-0.7544666499224695,0.0244710217322186,stratified_coverage,9.502374709733576,13.102044931569772,10,9.67945157975,9495268.98661,9495268.98661,1.00000000,0.99260915,0.98726236,width2_d1_m8,1
4,23,2,129.7910317959201,12.687586823812403,-0.6346958397771622,0.4768979554728494,0.3720814534894502,0.2749907065681112,0.24558182639855175,-0.17379726617386915,0.05216268938612839,0.03590312179533134,stratified_coverage,11.280817178278403,13.654826225677201,10,9.49049017484,23637491.5551,23637491.5551,1.00000000,0.99827824,0.99677548,width2_d1_m8,1
4,23,3,122.44346804740113,8.917850781464718,0.8153514054401869,0.8803499013310043,-1.1053502551291554,0.20354783823247868,-0.9629949818899454,0.10839656223441341,0.39653788949040303,0.49328786622742293,stratified_coverage,6.679348756163071,11.418972644691546,10,10.0733988346,10820375.7035,10820375.7035,1.00000000,0.98725670,0.97497370,apodized_d3_m10,1
4,23,4,125.81385979316204,9.766150857267618,0.6548909235133014,1.5829530527933526,-1.6154309131982514,0.31333328892123125,-0.5267819059737686,0.9222815928620882,-0.4246868852580333,0.07622981516962923,stratified_coverage,7.036150492918713,13.31368747305063,8,9.7766124933,3693320.86327,3693320.86327,1.00000000,0.97824303,0.95797689,width2_d1_m8,1
4,23,5,127.00639232207858,10.488459932116925,1.3766248599438926,-0.29210650027172114,-0.21615317598979322,1.7216440087269163,0.7687788372268405,-0.29312243528874893,0.05122991534498955,-0.550266704597611,stratified_coverage,7.706789128476035,12.875624844940397,8,9.70015589997,16884815.7847,16884815.7847,1.00000000,0.98410375,0.96844876,width2_d1_m8,1
4,23,6,128.09746303945414,11.290524818108567,-1.524751882074847,-0.057525562779156214,0.4474590151240332,0.09831209281275277,-0.37521169990970593,-0.030563010838305038,-0.7802775026884181,-0.19214623429150302,stratified_coverage,9.0415867548394,13.258816539026386,9,9.59567303966,9946713.48512,9946713.48512,1.00000000,0.99160726,0.98534337,width2_d1_m8,1
4,24,1,122.87966806415922,12.579018043378493,0.5775342287759215,-0.42021917390040064,0.45236634335204184,0.2342561033234416,-0.365811652516774,-0.11529923816241816,-0.258668427094354,0.21027692954806598,stratified_coverage,11.388620325063966,13.65794356286849,10,10.0202968965,15321342.6508,15321342.6508,1.00000000,0.99756847,0.99601218,width2_d1_m8,1
4,24,2,123.09512213034402,9.829495091861562,-0.14915088081773797,0.7929433891672537,1.7418246746369983,1.00020635553268,-0.6475806575398875,0.154218243601437,0.276809095880318,-0.07366982758022189,global_random,7.657961955897957,12.650072653430616,7,8.98137571973,104365.563356,104365.563356,1.00000000,0.99569916,0.97962832,width2_d1_m8,1
4,24,3,126.06846666518499,9.8910357690918,-0.27571335636594907,0.4583746793664383,-0.09546927439178643,-1.1742507228724706,0.03543576952530425,0.0909154652667914,0.5702496776451278,0.7394682149170069,stratified_coverage,7.7014576415095375,12.059770220875809,8,9.78918109518,25228945.3582,25228945.3582,1.00000000,0.99283778,0.98717217,apodized_d3_m10,1
4,24,4,129.8113782093451,10.323313210369284,-0.5869083035444751,0.5126564137128473,1.0554026177028997,0.3162306388521243,0.02587575419626975,-0.7372323804732763,-0.4565181793937784,0.7393599569449352,stratified_coverage,7.49202681074409,13.072036889314383,8,9.47245826722,10140400.3712,10140400.3712,1.00000000,0.98968286,0.98092774,width2_d1_m8,1
4,24,5,123.39667308637556,11.187549797030854,-1.156378267063402,-0.025608806244947768,0.21634981416537769,1.5283759822064276,-0.2569241980307384,0.7123951472411336,0.6448876701139226,-0.40108739116896075,stratified_coverage,7.874993833286859,13.475953127062883,10,10.0028476288,26138343.1871,26138343.1871,1.00000000,0.98807685,0.97777898,apodized_d3_m10,1
4,24,6,125.07771343348739,13.23104313636069,0.623017205879681,0.6871563552474473,-0.17682152809584206,-0.6070235277294465,-0.19070149896009836,-0.1234044787350887,-0.021124302617267,0.013025435352845949,stratified_coverage,11.64805784407447,14.198461317447723,5,8.32506824639,95777.9379729,95777.9379729,1.00000000,0.99774425,0.97288601,width2_d1_m8,1
4,25,1,126.34735437020605,8.89815461713899,-2.093846341981627,-0.6965064503318277,-0.36475191135687735,0.46889931716480127,0.8504151201451853,0.6972259142706756,-0.5334203061767774,-0.6918032909395437,stratified_coverage,6.737815944090788,12.854752363529242,10,9.73351349313,10389660.3707,10389660.3707,1.00000000,0.98025729,0.96211320,width2_d1_m8,1
4,25,2,128.7916634824948,9.070813966945392,-0.3924031182519856,-0.6612923163055879,0.03129521534454982,-0.2941147424722128,-0.9655031034711309,0.6405383318199425,-0.05440402484923457,-0.1170773382991882,stratified_coverage,7.384390256604847,10.75657837619692,10,9.55452718146,15723197.7992,15723197.7992,1.00000000,0.99283766,0.98618733,width2_d1_m8,1
4,25,3,122.179916391987,10.287906414092152,-0.6236515716636497,0.4250969977828922,-0.04423181537736287,-1.5280833192503467,0.10259282066474928,-0.2060476087562103,-0.5819484982259642,0.706440346774613,stratified_coverage,8.322956501669243,13.390551650591998,10,10.0692597272,10243225.3832,10243225.3832,1.00000000,0.99065789,0.98277343,width2_d1_m8,1
4,25,4,124.38219568255215,11.083195978734219,1.8966896548570498,-0.3828431333332234,-1.419317487482469,0.7517182239776197,0.37078650831466886,-0.08360322155910027,-0.4683477460203447,0.4882397928245772,stratified_coverage,6.5181747368965395,13.143920709217044,10,9.88554530565,9264817.56314,9264817.56314,1.00000000,0.97332786,0.94898818,width2_d1_m8,1
4,25,5,127.03544614117428,12.803282825247441,-0.5084768757316883,0.022790876512192026,0.08119173308230399,0.3812224194501582,0.040182790567308,-0.30287832186745894,0.08750700331207723,0.22962504694177238,stratified_coverage,12.110751490198789,14.091808909368956,10,9.69790280814,22362531.6493,22362531.6493,1.00000000,0.99903934,0.99824609,width2_d1_m8,1
4,25,6,129.80808985990163,8.652901129713973,-1.231549342140612,0.8957294827087332,-0.5179912287004731,-0.8626984771486412,0.4929377383600879,-0.30386574733552296,0.09851730984384732,0.6542272136844014,stratified_coverage,6.880694965619912,12.162877422994686,8,9.49031053572,20867109.4898,20867109.4898,1.00000000,0.98931093,0.97847184,width2_d1_m8,1
4,26,1,122.83262047460761,9.996207416206811,-0.8685010879213042,0.40577936608463494,-0.24262296517172532,-0.23219573175860253,-0.635773242705839,-0.6125932967080203,-0.3766905545760194,-0.10795480694151871,stratified_coverage,7.6865833689947065,11.04527012234771,10,10.0111023023,12424461.8041,12424461.8041,1.00000000,0.99249457,0.98635030,width2_d1_m8,1
4,26,2,125.55609161277336,10.83667043434154,1.9435644057519408,1.156333781592449,-0.7059416945652781,-1.076545024132207,-1.0304949643803243,-0.24119348104443095,0.23482315422526234,0.4609549823953303,stratified_coverage,6.584233194355539,13.437001324145745,9,9.82513316839,18839772.6147,18839772.6147,1.00000000,0.97661515,0.95359367,apodized_d3_m10,1
4,26,3,128.1772477477925,8.127266094155063,-0.22842955651194236,0.21959004549653538,-0.322338084554356,0.0984075718610053,-0.27486887086277434,-0.6336601260782665,0.4684678075027748,0.09053533594791306,highQ_anchor,7.122186225345942,9.777396862989642,8,9.62076093049,36571706.3099,36571706.3099,1.00000000,0.99689096,0.99453992,apodized_d3_m10,1
4,26,4,129.35713589631578,13.127132981048602,0.3878652281948638,0.24500740549409095,-0.2264855808929896,-0.32282727011496315,0.23716318289946137,-0.05524656446467868,0.18820101329101196,-0.10783118086472485,stratified_coverage,12.131860254863755,13.873018987586729,10,9.52530410454,26402064.782,26402064.782,1.00000000,0.99922996,0.99845745,width2_d1_m8,1
4,26,5,128.93967312222318,8.887946042403039,0.9342088075250193,0.14536320922322402,-0.2159957850501557,-0.28038212522201583,0.0058975451365546865,-0.14698468360079797,0.44776599879636936,0.1164726418435025,highQ_anchor,7.501546756399211,10.07034582223653,8,9.56260541561,46917044.8239,46917044.8239,1.00000000,0.99601762,0.99251719,apodized_d3_m10,1
4,26,6,125.29550244958472,9.47202383920964,1.5636984534124316,1.9203742113721702,-0.17042598252339314,0.06230274434997862,-0.3933442855930216,-0.44868768454085717,0.4100753010122611,-0.22115173926468845,stratified_coverage,6.660475997184696,12.902667131785611,10,9.83978203948,21387440.6882,21387440.6882,1.00000000,0.98147742,0.96322916,apodized_d3_m10,1
4,27,1,123.04311019384069,9.899818331242313,-1.7210860957655276,-0.7958863591459828,1.2596552595634771,0.6684689952066145,0.9573755159188635,-0.5416740888022744,0.3376228908535581,0.09169596878928898,global_random,7.068907733107486,13.450615196030938,9,10.0243733315,15486830.1125,15486830.1125,1.00000000,0.98308175,0.96654680,apodized_d3_m10,1
4,27,2,128.84168270616004,11.777351409485117,-0.7070867329502308,-0.04296684668838413,-0.5752749723484956,-0.47372746146858735,0.07830427787738437,0.2156968913495283,0.551622286572744,0.6073864777432081,stratified_coverage,10.23167595469647,13.383532139890516,10,9.57262087295,31886827.5138,31886827.5138,1.00000000,0.99670697,0.99348596,apodized_d3_m10,1
4,27,3,123.67018749896005,12.515458849557499,0.43690447784771935,0.32612918157812687,0.3514631650518103,-0.02653734450082834,-0.3772029264537006,-0.2620352820558763,-0.19004098246069662,-0.1476310673353251,stratified_coverage,11.310800681668706,13.42817409518285,10,9.95658676052,17027302.4301,17027302.4301,1.00000000,0.99825667,0.99726420,width2_d1_m8,1
4,27,4,125.96606064236072,8.878181749572095,-1.3699001334062069,-1.7552680569457026,-0.31998940951358223,0.1691624540013248,-0.24982403821210397,0.5982531192888507,0.7104252735901222,-0.10389682292152025,stratified_coverage,6.726772419275308,12.309932586253582,10,9.79437490012,37401293.2111,37401293.2111,1.00000000,0.98334936,0.96858476,apodized_d3_m10,1
4,27,5,127.57493692025315,9.083556090526704,0.3251569254776374,-0.15469624436209406,0.6027766335126723,1.1529071155437884,0.7970506655742164,-0.13498212706962376,0.04748847612910756,-0.49197242550107156,stratified_coverage,6.788981209276235,10.988422377207208,10,9.6543104378,16143659.0313,16143659.0313,1.00000000,0.99071227,0.98144819,width2_d1_m8,1
4,27,6,128.91380596018067,10.83286258266191,0.942687920428932,0.8433597361742513,0.17931295855632357,1.4139544354090134,-0.23317814146168614,-0.896576624632105,0.637040739865296,0.4180303267853389,stratified_coverage,7.590746726510456,13.254551671988576,8,9.57310407267,22624237.2613,22624237.2613,1.00000000,0.98770089,0.97686894,apodized_d3_m10,1
4,28,1,123.83147866573755,11.168674691781874,-1.142205010218373,-0.836488519979943,0.893290148669245,-1.261225306335791,0.3899293046551868,-0.6248042907501961,-0.06859085052563307,0.7560459494959451,stratified_coverage,7.319885213058608,13.480473161702111,10,9.95235443743,13584691.7818,13584691.7818,1.00000000,0.98398046,0.96827569,width2_d1_m8,1
4,28,2,123.11083326897456,10.215977482731185,0.3804582893430877,0.2362049331189673,-0.8714758430074864,0.2956147181764728,0.9981072416709389,-1.0806271010922917,-0.7770477285770033,0.6529098732357654,global_random,6.528757345354702,12.698142426176812,10,9.98404529012,6152773.50604,6152773.50604,1.00000000,0.98230833,0.96719168,width2_d1_m8,1
4,28,3,126.53943161059374,9.063772149607434,0.17454290971686692,0.7613177570720842,-1.036308407241497,-1.0837614805913907,0.2960475848024955,0.5969505118799892,-0.38653113732912525,0.3517762093636174,global_random,6.738012745277174,11.92648687213033,10,9.71898392827,13458654.8882,13458654.8882,1.00000000,0.98829428,0.97777708,width2_d1_m8,1
4,28,4,129.69084372945363,9.499346987153805,-1.0155986024338943,-1.255023685427684,-1.76643608930712,1.189514532660634,0.8029943999137739,-0.6575813117967615,0.5798261771917996,0.3273418824235357,stratified_coverage,6.568262416449689,13.300788802177232,11,9.51743931374,11553549.7115,11553549.7115,1.00000000,0.97821428,0.95849381,apodized_d3_m10,1
4,28,5,123.01295975154726,10.756947629192952,1.3644116901735943,0.8813478423810572,-1.673201340303318,-0.39016992697015285,0.48045729794033853,-0.2622542413343666,-0.23084022978037366,-0.13537601891736784,stratified_coverage,6.945949556434417,13.35074251855699,10,9.99735452029,12442773.7648,12442773.7648,1.00000000,0.98011972,0.96188168,width2_d1_m8,1
4,28,6,127.5045054381041,8.0,0.1808330832476542,-0.10190917671450868,0.02613507828006456,0.9923835623374353,0.2712424931203844,0.21670559091699887,0.19030296604333946,0.11928621530567611,highQ_anchor,6.669304892860419,9.271806912348849,8,9.66358934182,33636475.9569,33636475.9569,1.00000000,0.99529642,0.99005669,width2_d1_m8,1
4,29,1,126.58821867889183,12.27783517228951,-0.35589872655743143,-0.13504722644694578,0.03484552154077747,0.5819305297420748,-0.28104701795159304,0.2536875372803299,0.13370564774337823,-0.2601867138860245,stratified_coverage,11.219996250212482,13.105635466080143,10,9.7325029966,24529828.3199,24529828.3199,1.00000000,0.99863674,0.99731578,width2_d1_m8,1
4,29,2,128.18051882377188,8.810942320301368,0.9016121657087663,1.3197649483523097,0.19142456887471604,1.0413042090108398,0.3943173649963958,-0.035951385406070235,-0.47925716977527366,0.7983017830690187,stratified_coverage,6.688636612782373,12.146069710316073,8,9.58983531794,10102605.4556,10102605.4556,1.00000000,0.98484584,0.97132411,width2_d1_m8,1
4,29,3,123.01987612043327,9.697398516483357,-1.479843761115628,-0.29277335423417505,0.6259947392979865,1.0207505839713142,0.3053668072367717,0.2603009883667604,0.529118462735443,-0.631205198278588,stratified_coverage,6.725295829219689,12.070829914996454,9,10.0313523811,19414756.2426,19414756.2426,1.00000000,0.98695016,0.97538194,apodized_d3_m10,1
4,29,4,127.96231760403099,8.0,-0.1984740669309693,-0.09875761797194327,-0.09808382842299308,0.3587958990292221,-0.2760960005480094,0.229348957539416,0.31562511273609756,-0.24189731175089338,highQ_anchor,7.106067786459735,8.811674206481616,8,9.63158283732,37176270.898,37176270.898,1.00000000,0.99820058,0.99611514,apodized_d3_m10,1
4,29,5,126.27299289406001,11.027278544118847,-0.952902006160848,0.21743652317905582,-0.46400554087732826,0.11837760085082794,-0.013400066501425334,0.2786396848331796,0.2471817735469657,0.5173534883125821,stratified_coverage,8.857794023271493,12.239293391355728,10,9.7588239449,26452293.7786,26452293.7786,1.00000000,0.99590068,0.99152968,width2_d1_m8,1
4,29,6,129.57452014089546,12.319261117563778,0.622552281130516,-0.4334117235756201,0.171616574485012,-0.34109509420582707,0.35091059867277474,0.07317377092698041,-0.12719214615790775,0.04336639504430606,stratified_coverage,11.341408666870356,13.45113786267171,10,9.50174740317,19594414.873,19594414.873,1.00000000,0.99814110,0.99688380,width2_d1_m8,1
4,30,1,122.86402407026394,8.89690324496796,-1.6864355187292865,0.7859651629869737,0.1773577594100908,-1.1036518675708775,-0.07549259176764767,0.14872801045592476,0.33401104027682305,-0.3477194282448608,stratified_coverage,6.642371599458248,12.17523462079855,10,10.034652909,31561311.5906,31561311.5906,1.00000000,0.98704663,0.97422575,apodized_d3_m10,1
4,30,2,124.21205365291597,9.289452570649201,-0.03449444865828122,-1.6297697280472696,-1.087224298309839,0.22774391976050112,-1.0311353719622698,0.13382463450460014,0.16245012389321345,-0.19439177892393533,stratified_coverage,6.921050587527217,12.463190785377913,10,9.91637972279,8144490.52313,8144490.52313,1.00000000,0.98486349,0.96977462,width2_d1_m8,1
4,30,3,126.13244769014608,10.917869373257952,-0.8808916677249168,1.7810829665614163,1.5459010898931853,0.3486822480028404,0.7414352583574066,0.3786153828901224,0.11193402898219629,0.0935659481387694,stratified_coverage,7.121560802136073,13.284892723405747,9,9.76752881417,19894930.4301,19894930.4301,1.00000000,0.97974989,0.95982933,width2_d1_m8,1
4,30,4,128.96697330979458,9.989963681652707,-0.49488013485080984,-1.5775955375189126,-0.9530935108739764,-0.6740933129154971,-0.18672633079279044,-1.0594971001276985,0.4238286198352892,0.7841855851791915,global_random,6.796738381540018,12.959310210653767,5,8.506602623,102639.385681,102639.385681,1.00000000,0.97264480,0.90913442,width2_d1_m8,1
4,30,5,122.76888453098151,12.902722319085923,0.15941907715809533,0.6380870459032761,-0.3694098069305198,-0.23448801099485994,0.3576531913330223,0.18472903974549237,0.025372831311886668,0.12848695027963491,stratified_coverage,11.886070139084142,14.250516508481038,10,10.0346000145,11654582.1618,11654582.1618,1.00000000,0.99759887,0.99548828,width2_d1_m8,1
4,30,6,125.01370535275971,8.890685420896947,1.089808780018799,0.8059523312552486,0.82774365336998,1.1466630325788831,-1.0964041131690943,0.43851269043051544,0.08392230062083406,0.40993315450527423,stratified_coverage,6.682175018213796,12.524844242770524,10,9.85967653532,16039835.9838,16039835.9838,1.00000000,0.98542306,0.97058033,width2_d1_m8,1
4,31,1,127.71758043583719,9.589965203507077,1.13000606587054,0.35307424334872195,1.446847513061878,-0.41676665974436156,-0.6325439456172546,0.1007606523241853,-0.24959372090004528,0.42010484342131327,stratified_coverage,6.5395459569871734,11.76931057715752,10,9.63288732227,12323964.27,12323964.27,1.00000000,0.98487547,0.97078082,width2_d1_m8,1
4,31,2,129.66452221976567,10.070810732981736,0.973504507576596,-0.07024905614500199,1.1573119095167608,-0.4309977670507348,0.862491619814804,-0.3207220790432139,-0.20698011417286843,-0.49080456872709544,global_random,8.185378913636113,13.405303667538773,8,9.48684865599,7241582.29955,7241582.29955,1.00000000,0.99079068,0.98257655,width2_d1_m8,1
4,31,3,122.24238796797779,11.18180564213276,-1.3374759552760707,-0.054123384336977054,-0.13944915757815646,-1.2054808582864762,0.7704879663178628,-0.5994756364160211,0.26005150608689975,-0.175227137670938,stratified_coverage,7.70236298522327,13.408406000323136,10,10.0889302312,20926853.2676,20926853.2676,1.00000000,0.98870243,0.97690238,apodized_d3_m10,1
4,31,4,125.24676947792058,12.283679257767911,0.46497638371899885,0.4516500182668217,0.30036860995734993,-0.2670835147805566,-0.7235779647849361,0.23320573520957688,0.0054177552955703145,0.20128601573539462,stratified_coverage,10.375529210328567,13.348175071461627,10,9.83570532188,19861927.0702,19861927.0702,1.00000000,0.99743423,0.99512173,width2_d1_m8,1
4,31,5,127.7459682307568,8.879988855715276,0.10794153164028764,-0.17892666893303266,0.9169153303269415,-0.10838424965413718,-0.886414495788361,0.970634344570259,0.18748657358534548,0.44283820332764257,stratified_coverage,6.968828334490293,10.810819113471803,10,9.64335771723,14243833.0709,14243833.0709,1.00000000,0.98955920,0.97898829,width2_d1_m8,1
4,31,6,128.28338443528895,8.004470628233571,-0.09767768637973934,-0.5048774724977104,-0.11202323366615988,0.06016895055269475,0.07866345000434753,-0.5105584076449179,0.17750832888534215,-0.05460334434449102,highQ_anchor,6.965270471418673,8.739925533495178,8,9.60332835548,34074240.6523,34074240.6523,1.00000000,0.99772227,0.99498788,width2_d1_m8,1
4,32,1,122.93182485456593,10.438399214823688,-0.9949207684746588,-1.4187386492731033,-1.142403705879938,-0.8600933683274345,0.9465059939818792,0.320119256663532,-0.20812302751304657,0.7550510381399322,stratified_coverage,7.041813625390171,13.172230236673796,10,10.0173404119,10930926.1395,10930926.1395,1.00000000,0.98226145,0.96539613,width2_d1_m8,1
4,32,2,125.3043793183303,11.91822251758153,0.7568662849113612,0.008059800973138742,-0.15160952321701404,0.7607488793616535,0.4193489565032382,-0.5546302260062329,0.13117741491315493,-0.008293125185966033,stratified_coverage,9.895284670183727,13.076120437262967,10,9.83200156571,23930999.2798,23930999.2798,1.00000000,0.99640055,0.99284576,width2_d1_m8,1
4,32,3,127.4070933156378,12.314128706036094,-0.22077571911726945,0.2149942657437407,-0.31590682182578433,-0.025219807238412217,-0.7296771635559696,-0.18678204266184995,-0.38049383537724446,0.2412265183228961,stratified_coverage,10.656087228052503,13.348885674451502,10,9.66000300809,13506038.7297,13506038.7297,1.00000000,0.99714642,0.99544361,width2_d1_m8,1
4,32,4,128.00567633392848,8.65735107719211,1.8678507199914076,0.5452053547643749,1.0992985538348579,0.8807416954244138,0.44828721688050677,0.05647398214279753,-0.3602328853607111,0.4993760296325209,stratified_coverage,6.61292648815084,12.716439685778933,8,9.60130311511,12365957.7001,12365957.7001,1.00000000,0.98316294,0.96793579,width2_d1_m8,1
4,32,5,123.52110523334207,9.682643248579925,0.15261144713413088,0.3095585737465525,0.20003967164278502,0.9026623302286152,0.690688125863774,-0.6639017714151634,-0.7169555400564547,-0.15938783467763162,stratified_coverage,7.320418547167408,11.933297265131861,9,9.94918379443,8812615.11697,8812615.11697,1.00000000,0.99072179,0.98348193,width2_d1_m8,1
4,32,6,124.61054980112007,10.867033459754843,-0.4984685296012883,0.1521419927907246,-0.35179002302182494,1.1309751434261746,0.888618559120463,-0.16106894266159566,0.3140649647818585,0.6258985142897076,stratified_coverage,8.398494725703676,12.706537357715408,7,8.74377764722,101189.82987,101189.82987,1.00000000,0.99881268,0.98516696,width2_d1_m8,1
4,33,1,127.24561955369686,11.168076439128244,-0.590117381761748,0.16858771928425664,-1.1292606133940049,1.2945655776790213,-0.5133576789146009,0.4109249867220861,0.38807718847863826,0.6528673807834957,stratified_coverage,7.60342888285769,12.95851363204949,6,8.48673615925,99050.1821857,99050.1821857,1.00000000,0.99870075,0.98489133,width2_d1_m8,1
4,33,2,128.62520057688332,12.34691839484723,-0.5902522517759103,0.5598291690953432,-0.4537432081846178,-0.19243699518669843,-0.5833652186529517,-0.06792943253599448,-0.42747002908753445,-0.03235162837628924,stratified_coverage,10.291537295380966,13.438595372492216,10,9.56658366863,13362082.3602,13362082.3602,1.00000000,0.99613177,0.99354127,width2_d1_m8,1
4,33,3,123.17796192961386,8.9105004940523,0.2652464541322983,-1.4103746110970938,1.358645159462437,-0.29130878854872067,0.5226611133183665,-0.9058661104587507,-0.2260840173578259,-0.16494527271610393,stratified_coverage,6.570234061389248,12.064821516293744,10,9.98910312378,14236548.282,14236548.282,1.00000000,0.98413049,0.96919331,width2_d1_m8,1
4,33,4,124.25982795272346,9.7550275754811,1.1922981747880272,0.44703641557766494,-0.8146223593326887,-1.0203825567811693,0.32680627785910743,-0.7886487201170885,-0.3032830698816737,0.7347120527988165,stratified_coverage,6.860027903086407,12.403534206732012,8,9.89948221834,5954339.29128,5954339.29128,1.00000000,0.98387838,0.96911178,width2_d1_m8,1
4,33,5,129.36750112620118,8.96301548905484,0.7487666574683768,-0.07303497562665223,0.17985744778500867,0.4061083256492876,-0.049107925812914545,-0.40595322682479007,0.40476706222934594,0.026185520704264637,highQ_anchor,7.208341897743887,10.256480038802355,8,9.53026078677,40981399.9747,40981399.9747,1.00000000,0.99635706,0.99296617,apodized_d3_m10,1
4,33,6,128.08867144069225,11.045993994163302,0.3826941883357411,-0.5308042509866022,-1.7035417939493283,-0.6574763519461206,0.7919211291829225,-0.032292628392237344,-0.2658979956579899,-0.09537105145234326,stratified_coverage,7.871633987531258,13.106783738309668,8,9.60379324958,12800079.6105,12800079.6105,1.00000000,0.98749870,0.97628076,width2_d1_m8,1
4,34,1,122.76972601852236,12.951181292362621,0.5415880793755556,0.7292008041931508,-0.24970586118560956,0.38213700313167165,0.014309787252854533,-0.27450327997599044,-0.037766772851940716,0.16868320521399083,stratified_coverage,11.832218344476878,14.223636361711913,10,10.0333072326,4455938.94242,4455938.94242,1.00000000,0.99347459,0.98725567,width2_d1_m8,1
4,34,2,125.40691573382301,10.180591742162257,0.9097369108402678,0.45081214791214563,-1.6187843844801149,-0.20372707132995482,-0.7804261807240442,0.6166047158712138,0.2949332005599805,-0.1923316388433708,global_random,7.2477772883887654,12.632663326923423,5,8.76420279333,102137.022768,102137.022768,1.00000000,0.99616723,0.97915299,width2_d1_m8,1
4,34,3,126.12543377068545,9.246361408493836,1.518166577466308,-0.07649986945757492,1.4499082664678442,1.0212839903587516,0.008134437182437226,-0.4062536376529319,0.0944671778205135,-0.14842202006215577,stratified_coverage,6.5913019052871915,12.31837425419676,10,9.76434512566,21183344.2566,21183344.2566,1.00000000,0.98383501,0.96786629,width2_d1_m8,1
4,34,4,128.46382280262085,10.35089818676171,0.7247433195699067,1.1987728955020023,-0.30198963828841374,-0.16495712399381235,-0.09370644450470578,0.6651495146484763,-0.7531284206984558,-0.7198909929322279,stratified_coverage,7.548318264891211,13.015138866621873,8,9.57093913785,8959587.89905,8959587.89905,1.00000000,0.98916886,0.98022650,width2_d1_m8,1
4,34,5,126.83575389989156,8.0,-0.10809917773646738,0.5288697639004617,0.03187534865564928,0.3510838928632509,-0.06306720912166805,0.10752117929047661,0.4217063658038029,0.1930895244763726,highQ_anchor,6.7131279157033505,8.81117960175814,8,9.72218383901,46305590.0102,46305590.0102,1.00000000,0.99749532,0.99576623,apodized_d3_m10,1
4,34,6,124.09466045132139,12.91578406094514,-0.6731296187139195,-0.22138438236389069,-0.13687565732138363,-0.2990009626642669,-0.10775426185925674,-0.2836145192665103,-0.1864408010072633,0.21396319541963293,stratified_coverage,11.743138165430045,13.851786697746457,10,9.92346848846,16270113.5565,16270113.5565,1.00000000,0.99808230,0.99691995,width2_d1_m8,1
4,35,1,127.80555626903477,8.917114131560847,-0.08646198962668183,0.3110668868375752,0.4213184391886029,1.7642631841369052,-0.8456090556235732,0.19278641521213324,0.021923782082125087,0.4883712048881532,stratified_coverage,6.725241657054533,11.597645220923594,10,9.64120553271,16413278.8267,16413278.8267,1.00000000,0.98657661,0.97303013,width2_d1_m8,1
4,35,2,128.17406573526162,9.598572615322908,0.6287809112965204,-1.0995985997207653,0.5400551176098582,0.156856820038344,1.0929634713850596,0.4083834990856863,0.2141536280963603,0.06066466116624181,stratified_coverage,7.286594315127259,12.088452593142987,10,9.60904287988,5064960.31544,5064960.31544,1.00000000,0.98797846,0.97587894,width2_d1_m8,1
4,35,3,122.60315961717491,8.50582611185133,-0.4135357277014513,1.8120045338092572,-0.9668270960686056,-0.4865624872850305,1.064103207603893,-0.1099479496490594,0.03320903271299225,0.7461881251692497,global_random,6.580010520554177,13.137991642778156,10,10.0450804192,13561745.7927,13561745.7927,1.00000000,0.98513283,0.97056044,width2_d1_m8,1
4,35,4,124.42145902542067,11.170776692707348,1.8429028121670123,1.0295051079470117,-0.6123323245935663,-0.7448950562264982,0.8080089744709913,0.5497057248973145,-0.1722163690847648,-0.1637388254486496,stratified_coverage,7.029636573369753,13.074013674990754,10,9.89187655903,13517612.228,13517612.228,1.00000000,0.97888719,0.95902237,width2_d1_m8,1
4,35,5,127.87298961663798,13.043388412199594,-0.5077894315172982,0.13471554142472664,-0.3215111855227926,0.49770447927965333,0.16660206332905236,0.2851029819622757,-0.20075666161487538,0.07497961981919887,stratified_coverage,11.66645618536417,13.994672190440564,10,9.62984749275,16375926.2439,16375926.2439,1.00000000,0.99816644,0.99706852,width2_d1_m8,1
4,35,6,127.63811009533565,10.15368555055987,0.9356991008789666,0.043700800906515624,-0.7253580886812621,0.7544125699294504,0.6673292711320644,1.00599967352023,-0.0709667991581181,-0.4586704149149677,global_random,7.354010365836404,12.419640962766213,8,9.64403404221,10386089.7722,10386089.7722,1.00000000,0.98848701,0.97761342,width2_d1_m8,1
4,36,1,122.66262919165194,9.72398317730604,0.6121981547035094,-0.056311662202327195,-1.7787853874670965,0.2533868003935884,0.010101311124665724,-0.3163258010999761,-0.691058823985689,-0.05082139518496975,stratified_coverage,6.586680698899876,11.511324791019394,10,10.0126634546,8350703.27793,8350703.27793,1.00000000,0.98319019,0.96893709,width2_d1_m8,1
4,36,2,124.24115803450974,8.454827887925925,-0.7608287176083603,-0.5255396083293733,-0.5751853797010222,0.6280971408254021,0.12336742091782393,-0.034352253899871066,0.48059506741714686,-0.6042740211037159,global_random,6.970549132053556,10.827101124519245,10,9.92863177839,29579370.0658,29579370.0658,1.00000000,0.99305802,0.98720592,apodized_d3_m10,1
4,36,3,128.59572631798392,8.695587666882677,-0.2717466988648873,-0.19735666498927715,0.33939892962204987,0.5868400530436011,-0.04847958423035097,0.1298953068509179,0.3304763377293692,-0.19516619835376872,highQ_anchor,7.599890633293809,9.68829906780493,8,9.58450840447,38995070.6658,38995070.6658,1.00000000,0.99755776,0.99479046,apodized_d3_m10,1
4,36,4,128.64081697233757,12.490826772514946,-0.3572156861445288,0.45134152534725347,0.23934979934745004,0.21548379616670155,-0.15147508430438306,0.147410456303946,0.11295017399352436,0.16425028524356355,stratified_coverage,11.523422037280984,13.35581827714701,10,9.57633726017,24799293.1265,24799293.1265,1.00000000,0.99906846,0.99823028,width2_d1_m8,1
4,36,5,123.52881458901061,8.81187243237854,-0.09450610858334141,-1.5457538699498663,-1.2195720828812862,-1.377339483355371,-0.35410322785951787,0.30696073617138575,0.05451261965676557,0.5648259088859688,stratified_coverage,6.627726521347751,13.077519826236424,10,9.96925552618,17737832.4906,17737832.4906,1.00000000,0.98416228,0.96859334,width2_d1_m8,1
4,36,6,124.65989817128678,9.424744947561205,-0.5496950213629161,0.3130996520823359,-0.36601558557834846,-1.1752996062673577,0.39561964769126834,-0.3440261552040508,-0.6002973986974913,0.5141599319476553,stratified_coverage,8.03807641287897,12.330600867517868,10,9.86263603807,5611771.94492,5611771.94492,1.00000000,0.99092991,0.98342631,width2_d1_m8,1
4,37,1,129.16551101464856,9.317276065062815,1.145568300135069,-0.09191848376524603,0.582139100635811,0.06608845527116008,0.046582056247033855,0.16689889692174936,0.19927793892215062,-0.2610843396626886,highQ_anchor,8.029673091598095,11.308128496623933,10,9.53658383998,30216373.5955,30216373.5955,1.00000000,0.99533661,0.99039802,width2_d1_m8,1
4,37,2,127.70799065689783,8.0,0.13878387655369767,0.02037029171444979,-0.1357640530708341,0.7399665333790969,-0.22757161641897444,0.08175174508185593,0.34167255298913457,-0.09969055226003787,highQ_anchor,6.7082051101345455,8.970439972133752,8,9.6535146863,44628126.8995,44628126.8995,1.00000000,0.99696889,0.99421256,apodized_d3_m10,1
4,37,3,123.54479112289128,13.27742292830342,-0.7329822510506364,-0.48306032831615536,0.4517964640801321,0.5057218282032437,-0.32549005048657753,-0.346211585319534,-0.1486544049368365,0.17060140424284803,stratified_coverage,12.436271676814544,15.43670346208815,8,9.96905584249,10183466.3887,10183466.3887,1.00000000,0.99656325,0.99378751,width2_d1_m8,1
4,37,4,124.24252359855132,8.16849600521179,-0.523776215615434,0.3044746109038834,0.48959602097433286,-1.0222003322973316,-0.5112746124109915,-0.08483410728595753,0.255920011245397,-0.15426659377576046,stratified_coverage,6.517137483865618,10.258559868923978,10,9.91898367311,29791338.2526,29791338.2526,1.00000000,0.99265445,0.98471868,width2_d1_m8,1
4,37,5,127.78592255184442,8.0,0.11065553669811823,0.1491107349981878,-0.7309657866727898,0.768827238948576,-0.16020974781037037,0.10363229596452385,0.18891621059256805,-0.0960669221760713,highQ_anchor,6.874947734127298,9.447509171324876,7,9.00067953755,104644.385138,104644.385138,1.00000000,0.99927723,0.99173598,width2_d1_m8,1
4,37,6,129.7728889426575,10.963962790251486,0.7317969842624015,-1.0439245323720134,-0.4623722553446534,1.3576937886182658,-0.054429278344910514,-0.4267852151670307,0.7570079640449552,-0.019459119777865297,stratified_coverage,7.208066286367766,12.959387319006218,5,8.30742711873,98414.2869511,98414.2869511,1.00000000,0.99553106,0.98189212,width2_d1_m8,1
4,38,1,123.13410419174565,11.527515316492181,0.9010508813578375,-0.5901731699725803,-0.3826529143766293,-0.0508568745957545,-0.3661490094649055,-0.9043267674661708,0.7025342518583808,0.5774445808425981,stratified_coverage,8.48711972335195,13.296617060726227,10,10.0249958988,25851523.4793,25851523.4793,1.00000000,0.99273101,0.98704397,apodized_d3_m10,1
4,38,2,125.56527082664337,12.526623616230891,0.2570015974990838,0.4706198371894439,-0.6286472629432136,-0.06020030653883812,0.1762863175574051,-0.06398963305234062,0.038778082172488126,-0.05452561132813208,stratified_coverage,11.453984182433027,13.73218103618433,10,9.80933632692,21610174.2491,21610174.2491,1.00000000,0.99859661,0.99749712,width2_d1_m8,1
4,38,3,129.1697687127178,11.487882413808197,-0.6509484729822916,1.0630238587850624,-0.6033155002292387,-0.09823938839153468,-0.5679277766987786,-0.30538200261357584,-0.42051018173312066,0.339943699709109,global_random,9.188716334643075,13.15926517148646,9,9.52301698536,13221594.4662,13221594.4662,1.00000000,0.99317314,0.98769997,width2_d1_m8,1
4,38,4,127.19925115883663,8.0,0.22285912601942454,0.12167378424162245,-0.2050052819235592,0.34152777272780577,0.1707553882504768,-0.5026863604261105,0.30624378298590604,-0.1870425806204501,highQ_anchor,6.939926529563721,9.196996915946253,8,9.68892745589,35768644.3116,35768644.3116,1.00000000,0.99756789,0.99473128,apodized_d3_m10,1
4,38,5,129.92073026495842,11.343517924404324,-1.9939436769445407,0.0566691516162976,-0.8483143925591448,-0.5054508213127886,0.46985912882184167,-0.5908873919949152,0.4406318183027951,-0.6850047703992784,global_random,7.374538934662617,13.375648629150712,8,9.49413045681,20218962.7183,20218962.7183,1.00000000,0.98338231,0.96696437,apodized_d3_m10,1
4,38,6,125.42297877201943,11.371566881127205,-0.06139981022797247,-0.3762744533356872,-0.5885657462756431,-0.35652347433687614,0.4755767333265972,0.7129700377564276,-0.6504690057493017,0.031072522597356156,stratified_coverage,9.561084462033012,13.001940989021477,10,9.8052529916,10321857.9535,10321857.9535,1.00000000,0.99472543,0.99122949,width2_d1_m8,1
4,39,1,127.46189838844394,13.079748651840049,-0.27806290711784276,0.43273116484353613,-0.4225392269955326,-0.25078403605138067,0.14092513912754867,0.37618075692468034,0.15427471479903,0.19696073066914077,stratified_coverage,12.002575891710848,14.262793493350252,10,9.66723396934,22406772.2328,22406772.2328,1.00000000,0.99877584,0.99759051,width2_d1_m8,1
4,39,2,128.48410062046656,8.256807060195536,0.5650448195310203,-1.5531572313336666,-1.0155340152686527,-0.7192911619674913,-0.29155371062539626,0.1768466064495724,0.012623762893754886,0.17904548029931644,stratified_coverage,6.957229993097325,11.67001436513043,8,9.57946716136,24268491.5819,24268491.5819,1.00000000,0.98852225,0.97735686,width2_d1_m8,1
4,39,3,122.33717346103734,9.755782512432862,0.5546114726971294,0.09542016523761276,1.3604879360271884,1.2242637499030782,0.6676535425252175,-0.38966691022765343,-0.1589842818434013,0.7754586662013454,stratified_coverage,7.72260532880587,12.903329592585614,10,10.0610956495,10200941.661,10200941.661,1.00000000,0.98744006,0.97573338,width2_d1_m8,1
4,39,4,124.41652364365196,10.730890835125534,-0.7476405477467083,1.0828969083212971,-0.5127466439018249,0.6689458875380214,-0.1587052327009929,0.9929810750380446,0.342994257996617,0.44127126299114194,stratified_coverage,7.15963889165423,12.215613970324437,7,8.75736926898,101813.761705,101813.761705,1.00000000,0.99490837,0.97581065,width2_d1_m8,1
4,39,5,126.45742574754122,11.459498837915556,-0.9953415210534753,0.2753299800219935,0.1721193365003728,1.0023042540348872,0.577152961106395,-0.29710026978045523,0.27228722311188935,-0.23208621211842895,stratified_coverage,8.820996833157018,13.323198473893134,10,9.74833973958,26336516.6824,26336516.6824,1.00000000,0.99418243,0.98790883,width2_d1_m8,1
4,39,6,128.4183886494306,12.271932489113375,-0.40680750359582457,0.17738705546788192,-0.5707246682595785,0.2151735944063381,0.14287224499028794,0.31524533077857386,0.003344067024985631,-0.24459894947538247,stratified_coverage,11.251258144023524,13.35217495761565,10,9.59069291757,21587396.7546,21587396.7546,1.00000000,0.99846579,0.99724030,width2_d1_m8,1
4,40,1,123.94138794136964,8.610686785469506,0.056431716107306684,1.2075725025728041,-0.9189844120657205,0.5890967285931954,0.3755821886953554,0.1301805576854378,-0.6581549154696611,0.5526674793526583,stratified_coverage,6.515820083948718,10.808658201945985,10,9.91116716328,8738628.01042,8738628.01042,1.00000000,0.98626313,0.97465038,width2_d1_m8,1
4,40,2,124.53840168855469,9.670524623621477,0.18465271989915166,1.1028169744853504,0.8597114404688162,2.8964116897789438e-05,0.5623759203353549,-0.0011070892499251972,0.007329656977620891,-0.09056258323066457,stratified_coverage,7.435323111124986,11.316087324823089,8,9.88415504549,14549841.3902,14549841.3902,1.00000000,0.99195558,0.98426626,width2_d1_m8,1
4,40,3,126.77726216041381,10.39032104351117,0.273993666548094,-0.9831426581727221,0.7044245812883239,1.4406121514405619,-0.41809556198148246,-0.9549179778302933,0.5659965478476914,0.23399604864202006,stratified_coverage,6.523915539475043,13.308046454555027,5,8.61008839414,101223.597737,101223.597737,1.00000000,0.99391968,0.97770443,width2_d1_m8,1
4,40,4,129.59271019112103,11.09850133734097,-0.9418700549388221,0.41102571233596397,-1.5713557888381522,-0.10526271519079144,-0.2067338991551083,0.32424361064427143,0.5996413752631173,0.08254925330765295,stratified_coverage,8.572155240037645,13.383965985183657,5,8.3115126853,98067.5109841,98067.5109841,1.00000000,0.99663723,0.98370213,width2_d1_m8,1
4,40,5,122.74716108506418,12.67106553917873,0.5496928755090646,0.3913989038325856,-0.38102922125208993,-0.6273820443415047,0.2903882491956994,0.3185682984080579,-0.018745847580587338,-0.21468978181133325,stratified_coverage,10.68052151461978,13.656529310932964,10,10.0355856514,16691203.8513,16691203.8513,1.00000000,0.99712190,0.99464044,width2_d1_m8,1
4,40,6,124.75659025800978,8.557870732729198,0.598226494601513,-0.7924684835305231,-1.1193114325932367,0.7012972608557104,-0.26548697109550257,0.8308267127096483,0.17581141882297469,-0.35030510422349953,stratified_coverage,6.866389787861959,11.538094317665296,10,9.87202500319,18489447.3695,18489447.3695,1.00000000,0.98887709,0.97771429,width2_d1_m8,1
