order,batch,index,a_ring_um,h_ring_um,C1_um,S1_um,C2_um,S2_um,C3_um,S3_um,C4_um,S4_um,C5_um,S5_um,C6_um,S6_um,C7_um,S7_um,C8_um,S8_um,source_kind,width_min_um,width_max_um,selected_mode_index,selected_freq_MHz,selected_Q,selected_Q_candidate,same_sign_fraction,breathing_uniformity,best_strict_mac,best_ref_label,valid_for_Q
8,1,1,125.07115364471915,8.406866931030583,0.0,0.0,0.0,0.0,0.0,0.0,0.0,0.0,0.0,0.0,0.0,0.0,0.0,0.0,-0.1230992701076621,-0.11452224499967512,strict_d8,8.238762890556725,8.574970971504442,10,9.83771220523,8047866.04395,8047866.04395,1.00000000,0.99916184,0.99832504,width2_d1_m8,1
8,1,2,128.14090104087336,8.220312817639348,0.0,0.0,0.0,0.0,0.0,0.0,0.0,0.0,0.0,0.0,0.0,0.0,0.0,0.0,-1.2247057457026014,-0.9740658491480871,strict_d8,6.656016327836797,9.7846093074419,7,8.8468248374,101655.992147,101655.992147,1.00000000,0.99966552,0.98874561,width2_d1_m8,1
8,1,3,127.71977209121125,8.314172161365244,0.0,0.0,0.0,0.0,0.0,0.0,0.0,0.0,0.0,0.0,0.0,0.0,0.0,0.0,0.31395821761356485,0.4667799524588162,strict_d8,7.7516308353855985,8.87671348734489,7,8.97572322341,103751.947183,103751.947183,1.00000000,0.99974578,0.99287226,width2_d1_m8,1
8,2,1,126.50371202612124,8.244579377070302,0.0,0.0,0.0,0.0,0.0,0.0,0.0,0.0,0.0,0.0,0.0,0.0,0.0,0.0,0.3406419191132219,-0.44038809836369003,strict_d8,7.68782871332029,8.801330040820314,7,9.07334804121,104673.201552,104673.201552,1.00000000,0.99972215,0.99280593,width2_d1_m8,1
8,2,2,129.5925184117638,8.458447892033009,0.0,0.0,0.0,0.0,0.0,0.0,0.0,0.0,0.0,0.0,0.0,0.0,0.0,0.0,1.4780984668304924,0.5645647284092392,strict_d8,6.876397160630285,10.040498623435733,7,8.68879762077,101331.380757,101331.380757,1.00000000,0.99960131,0.99230776,width2_d1_m8,1
8,2,3,127.99413410040161,8.24691082146097,0.0,0.0,0.0,0.0,0.0,0.0,0.0,0.0,0.0,0.0,0.0,0.0,0.0,0.0,-1.0536228670144594,-0.055682139341946935,strict_d8,7.191970337104634,9.301851305817307,7,8.93210039751,102633.476595,102633.476595,1.00000000,0.99974831,0.99040085,width2_d1_m8,1
8,3,1,128.17658730058525,8.51184417197097,0.0,0.0,0.0,0.0,0.0,0.0,0.0,0.0,0.0,0.0,0.0,0.0,0.0,0.0,1.4250307215514435,-0.6679975270578146,strict_d8,6.938314757558059,10.085373586383882,7,8.78152465296,102109.895437,102109.895437,1.00000000,0.99959832,0.99207735,width2_d1_m8,1
8,3,2,129.76858847692094,8.583578887073038,0.0,0.0,0.0,0.0,0.0,0.0,0.0,0.0,0.0,0.0,0.0,0.0,0.0,0.0,-1.081623623296267,0.013267069514946996,strict_d8,7.501955263776772,9.665202510369305,7,8.7589530223,101045.503178,101045.503178,1.00000000,0.99979757,0.99030181,width2_d1_m8,1
8,3,3,127.10430735823674,8.272510918384501,0.0,0.0,0.0,0.0,0.0,0.0,0.0,0.0,0.0,0.0,0.0,0.0,0.0,0.0,-1.0831085145813701,-0.29072438558476443,strict_d8,7.1512256898586735,9.39379614691033,7,8.9837217263,103059.527156,103059.527156,1.00000000,0.99973361,0.98996223,width2_d1_m8,1
8,4,1,128.98437782723477,8.284691072646172,0.0,0.0,0.0,0.0,0.0,0.0,0.0,0.0,0.0,0.0,0.0,0.0,0.0,0.0,0.4091968454203654,-0.3747959941783933,strict_d8,7.729984320991758,8.839397824300587,7,8.89058330365,103037.233252,103037.233252,1.00000000,0.99975286,0.99324423,width2_d1_m8,1
8,4,2,127.06854986598233,8.210505358778386,0.0,0.0,0.0,0.0,0.0,0.0,0.0,0.0,0.0,0.0,0.0,0.0,0.0,0.0,-0.5610187635972816,0.02046742279773798,strict_d8,7.649425473451522,8.77158524410525,7,9.04647638552,104020.611498,104020.611498,1.00000000,0.99976484,0.99175056,width2_d1_m8,1
8,4,3,129.5808590659264,8.224521033923182,0.0,0.0,0.0,0.0,0.0,0.0,0.0,0.0,0.0,0.0,0.0,0.0,0.0,0.0,-1.0364718625300082,0.24389223183127143,strict_d8,7.159990522063999,9.289051545782366,7,8.8227538496,101700.979361,101700.979361,1.00000000,0.99975944,0.99077050,width2_d1_m8,1
8,5,1,126.56649623315504,8.446431865007238,0.0,0.0,0.0,0.0,0.0,0.0,0.0,0.0,0.0,0.0,0.0,0.0,0.0,0.0,0.04324211437132031,-0.14646957128755364,strict_d8,8.293768476581809,8.599095253432667,8,9.72177191831,8259018.23271,8259018.23271,1.00000000,0.99910434,0.99836096,width2_d1_m8,1
8,5,2,128.41356533906514,8.503508362463378,0.0,0.0,0.0,0.0,0.0,0.0,0.0,0.0,0.0,0.0,0.0,0.0,0.0,0.0,-1.1965578212858368,-0.9920681255883916,strict_d8,6.949202793503644,10.057813931423114,7,8.79481901751,101160.074418,101160.074418,1.00000000,0.99971004,0.98862885,width2_d1_m8,1
8,5,3,128.8959429870202,8.351484911538376,0.0,0.0,0.0,0.0,0.0,0.0,0.0,0.0,0.0,0.0,0.0,0.0,0.0,0.0,-0.2574777462478232,0.5450029214049267,strict_d8,7.74876871566865,8.954201107408103,7,8.89030616496,102729.56383,102729.56383,1.00000000,0.99978288,0.99225714,width2_d1_m8,1
8,6,1,129.80971518086898,8.472274506509319,0.0,0.0,0.0,0.0,0.0,0.0,0.0,0.0,0.0,0.0,0.0,0.0,0.0,0.0,-1.0746982625322627,-0.2659180181472613,strict_d8,7.365773514728692,9.578775498289946,7,8.76839118185,101098.706107,101098.706107,1.00000000,0.99978397,0.99039422,width2_d1_m8,1
8,6,2,127.63289351798711,8.387009734583074,0.0,0.0,0.0,0.0,0.0,0.0,0.0,0.0,0.0,0.0,0.0,0.0,0.0,0.0,0.3686244056707932,0.4203702967337522,strict_d8,7.827955851695818,8.946063617470331,7,8.97093068224,103693.051329,103693.051329,1.00000000,0.99975117,0.99283031,width2_d1_m8,1
8,6,3,129.40493253394106,8.363678395236438,0.0,0.0,0.0,0.0,0.0,0.0,0.0,0.0,0.0,0.0,0.0,0.0,0.0,0.0,-0.5141145801818019,-0.28400710610299434,strict_d8,7.776408904266766,8.950947886206109,7,8.85665980855,102292.890454,102292.890454,1.00000000,0.99980038,0.99204241,width2_d1_m8,1
8,7,1,129.9867049811962,8.483341757931367,0.0,0.0,0.0,0.0,0.0,0.0,0.0,0.0,0.0,0.0,0.0,0.0,0.0,0.0,-0.4730988512752926,-0.3184330932966329,strict_d8,7.913387347306308,9.053296168556425,7,8.79976313859,101798.78978,101798.78978,1.00000000,0.99981606,0.99206377,width2_d1_m8,1
8,7,2,125.75981101614039,8.230454992255625,0.0,0.0,0.0,0.0,0.0,0.0,0.0,0.0,0.0,0.0,0.0,0.0,0.0,0.0,-0.05222628240083757,-0.17813467026371146,strict_d8,8.044900044508351,8.4160099400029,8,9.78158498982,4930787.97013,4930787.97013,1.00000000,0.99838949,0.99679743,width2_d1_m8,1
8,7,3,126.97650644369143,8.222859658483804,0.0,0.0,0.0,0.0,0.0,0.0,0.0,0.0,0.0,0.0,0.0,0.0,0.0,0.0,-0.004929696773806509,0.1742923779723674,strict_d8,8.048501410782572,8.397217906185036,8,9.68797747891,4718385.8993,4718385.8993,1.00000000,0.99825923,0.99658487,width2_d1_m8,1
8,8,1,125.00780215751551,8.351197262732315,0.0,0.0,0.0,0.0,0.0,0.0,0.0,0.0,0.0,0.0,0.0,0.0,0.0,0.0,-0.039303769048037326,-0.15081801866684733,strict_d8,8.195350741462146,8.507043784002484,10,9.84287724725,8160518.27523,8160518.27523,1.00000000,0.99914128,0.99835773,width2_d1_m8,1
8,8,2,126.9477761421271,8.377256821754193,0.0,0.0,0.0,0.0,0.0,0.0,0.0,0.0,0.0,0.0,0.0,0.0,0.0,0.0,-0.0576631686893138,-0.15547167304559112,strict_d8,8.211504993475563,8.543008650032823,8,9.69170030561,6753026.72296,6753026.72296,1.00000000,0.99889228,0.99782353,width2_d1_m8,1
8,8,3,125.85009013706532,8.265148724114539,0.0,0.0,0.0,0.0,0.0,0.0,0.0,0.0,0.0,0.0,0.0,0.0,0.0,0.0,0.057230710414001434,0.14411801606645042,strict_d8,8.110085824998567,8.42021162323051,8,9.77627377952,6571158.61581,6571158.61581,1.00000000,0.99880503,0.99776936,width2_d1_m8,1
8,9,1,125.64547441787604,8.240373099363993,0.0,0.0,0.0,0.0,0.0,0.0,0.0,0.0,0.0,0.0,0.0,0.0,0.0,0.0,-0.004717897069718094,-0.1930699722514672,strict_d8,8.047256087889817,8.433490110838168,8,9.79004777353,4669743.90897,4669743.90897,1.00000000,0.99826167,0.99659032,width2_d1_m8,1
8,9,2,126.96242872531126,8.33324615236539,0.0,0.0,0.0,0.0,0.0,0.0,0.0,0.0,0.0,0.0,0.0,0.0,0.0,0.0,0.609982905292647,-0.859441260557499,strict_d8,7.279638944081039,9.386853360649742,7,8.97711513707,103779.08638,103779.08638,1.00000000,0.99967514,0.99231774,width2_d1_m8,1
8,9,3,127.14853988623386,8.422630777596995,0.0,0.0,0.0,0.0,0.0,0.0,0.0,0.0,0.0,0.0,0.0,0.0,0.0,0.0,-0.6150105533233675,-0.8567670526309364,strict_d8,7.36842916306066,9.476832392133328,7,8.96364412053,103021.590359,103021.590359,1.00000000,0.99974049,0.99056696,width2_d1_m8,1
8,10,1,126.95517396555877,8.242338260886427,0.0,0.0,0.0,0.0,0.0,0.0,0.0,0.0,0.0,0.0,0.0,0.0,0.0,0.0,-0.2742985482127592,0.47899046138777673,strict_d8,7.690371079047804,8.79430544272505,7,9.04771529979,104199.300122,104199.300122,1.00000000,0.99975488,0.99207128,width2_d1_m8,1
8,10,2,126.45862429057077,8.393748978376657,0.0,0.0,0.0,0.0,0.0,0.0,0.0,0.0,0.0,0.0,0.0,0.0,0.0,0.0,0.039653740716221346,-0.17709716186182123,strict_d8,8.212319250964837,8.575178705788476,8,9.72834070324,6040887.94894,6040887.94894,1.00000000,0.99868875,0.99750808,width2_d1_m8,1
8,10,3,126.48171560210861,8.243683189267987,0.0,0.0,0.0,0.0,0.0,0.0,0.0,0.0,0.0,0.0,0.0,0.0,0.0,0.0,-1.2152800272096407,-1.0051349089713293,strict_d8,6.666636412040383,9.820729966495591,8,8.95961183108,102691.14811,102691.14811,1.00000000,0.99964726,0.98828835,width2_d1_m8,1
8,11,1,129.15709185747068,10.561613512651586,0.0,0.0,0.0,0.0,0.0,0.0,0.0,0.0,0.0,0.0,0.0,0.0,0.0,0.0,0.8454220321014083,-1.6700031484631568,strict_d8,8.69001599977899,12.433211025524184,5,8.39628238612,97405.4697658,97405.4697658,1.00000000,0.99980971,0.98797931,width2_d1_m8,1
8,11,2,129.8261749658646,10.756381618606195,0.0,0.0,0.0,0.0,0.0,0.0,0.0,0.0,0.0,0.0,0.0,0.0,0.0,0.0,0.6814475394937008,-1.4424911317076867,strict_d8,9.16115223822353,12.35161099898886,5,8.36038703013,97033.3279037,97033.3279037,1.00000000,0.99985179,0.98824012,width2_d1_m8,1
8,11,3,126.62290986030006,9.963418424955927,0.0,0.0,0.0,0.0,0.0,0.0,0.0,0.0,0.0,0.0,0.0,0.0,0.0,0.0,0.3178585903000745,-0.4634022927001185,strict_d8,9.401496245096363,10.525340604815492,8,9.70318018573,4955767.43943,4955767.43943,1.00000000,0.99840432,0.99700202,width2_d1_m8,1
8,12,1,123.18479397850547,10.196789981851817,0.0,0.0,0.0,0.0,0.0,0.0,0.0,0.0,0.0,0.0,0.0,0.0,0.0,0.0,0.7919289876390401,-1.4187861043191152,strict_d8,8.572120679155583,11.82145928454805,6,8.9033196082,102116.793752,102116.793752,1.00000000,0.99974495,0.98732723,width2_d1_m8,1
8,12,2,128.4749060775398,10.186642625593693,0.0,0.0,0.0,0.0,0.0,0.0,0.0,0.0,0.0,0.0,0.0,0.0,0.0,0.0,0.3442376488256043,-0.5352656279561214,strict_d8,9.550392058390067,10.82289319279732,8,9.55945171886,4465388.16481,4465388.16481,1.00000000,0.99818196,0.99654030,width2_d1_m8,1
8,12,3,124.45778279815674,8.520980836492168,0.0,0.0,0.0,0.0,0.0,0.0,0.0,0.0,0.0,0.0,0.0,0.0,0.0,0.0,-0.15318000557058187,-0.03004929196378517,strict_d8,8.364900582462845,8.67706109052149,10,9.88728545297,10619461.7819,10619461.7819,1.00000000,0.99944734,0.99890318,width2_d1_m8,1
8,13,1,122.27297121664151,8.859151005314569,0.0,0.0,0.0,0.0,0.0,0.0,0.0,0.0,0.0,0.0,0.0,0.0,0.0,0.0,-0.1412067610888754,-0.05435978731566179,strict_d8,8.707867911665417,9.01043409896372,10,10.0653827704,14980098.3899,14980098.3899,1.00000000,0.99969235,0.99946509,width2_d1_m8,1
8,13,2,128.84339083093383,10.656772772711296,0.0,0.0,0.0,0.0,0.0,0.0,0.0,0.0,0.0,0.0,0.0,0.0,0.0,0.0,0.8900415067210347,-1.2877324184122019,strict_d8,9.091489320097597,12.222056225324996,5,8.4427629241,97891.1204173,97891.1204173,1.00000000,0.99983852,0.98850271,width2_d1_m8,1
8,13,3,129.35186979626337,11.055286886757784,0.0,0.0,0.0,0.0,0.0,0.0,0.0,0.0,0.0,0.0,0.0,0.0,0.0,0.0,0.8960145664912752,-1.4861951217295983,strict_d8,9.320196873113808,12.79037690040176,8,9.393535408,1473262.63341,1473262.63341,1.00000000,0.99409407,0.98799623,width2_d1_m8,1
8,14,1,128.14250021011475,10.162841995325556,0.0,0.0,0.0,0.0,0.0,0.0,0.0,0.0,0.0,0.0,0.0,0.0,0.0,0.0,0.3073070716670843,-0.5205117939440888,strict_d8,9.55841202296702,10.76727196768409,8,9.58640333529,4822570.74484,4822570.74484,1.00000000,0.99834182,0.99686184,width2_d1_m8,1
8,14,2,122.83941131075335,10.109025787794934,0.0,0.0,0.0,0.0,0.0,0.0,0.0,0.0,0.0,0.0,0.0,0.0,0.0,0.0,0.570260224723469,-0.9340804792395934,strict_d8,9.014958251232567,11.203093324357301,9,9.95545355775,2187249.76311,2187249.76311,1.00000000,0.99614516,0.99232281,width2_d1_m8,1
8,14,3,129.46865436870945,9.656436330930081,0.0,0.0,0.0,0.0,0.0,0.0,0.0,0.0,0.0,0.0,0.0,0.0,0.0,0.0,-0.12943237389867523,0.08411647692642077,strict_d8,9.502096511101565,9.810776150758597,10,9.50676806716,17793764.5368,17793764.5368,1.00000000,0.99976024,0.99963315,width2_d1_m8,1
8,15,1,122.98998603400355,10.723630245729417,0.0,0.0,0.0,0.0,0.0,0.0,0.0,0.0,0.0,0.0,0.0,0.0,0.0,0.0,0.8729136246342116,-1.3990123947622175,strict_d8,9.075593159338927,12.371667332119907,10,9.88817455837,1627520.48142,1627520.48142,1.00000000,0.99489871,0.98966736,width2_d1_m8,1
8,15,2,125.68253864182873,10.213218539371303,0.0,0.0,0.0,0.0,0.0,0.0,0.0,0.0,0.0,0.0,0.0,0.0,0.0,0.0,0.5319798828858792,-0.928748361158224,strict_d8,9.142908923442176,11.283528155300429,9,9.73276210894,2192800.02176,2192800.02176,1.00000000,0.99606331,0.99215204,width2_d1_m8,1
8,15,3,124.29927996476233,10.376640041546368,0.0,0.0,0.0,0.0,0.0,0.0,0.0,0.0,0.0,0.0,0.0,0.0,0.0,0.0,0.6853236113946173,-1.3966027959356238,strict_d8,8.820955666065968,11.932324417026768,6,8.80435919941,101150.953127,101150.953127,1.00000000,0.99978003,0.98730285,width2_d1_m8,1
8,16,1,129.30694023954217,10.704880808812858,0.0,0.0,0.0,0.0,0.0,0.0,0.0,0.0,0.0,0.0,0.0,0.0,0.0,0.0,0.888309478453812,-1.5636565638041986,strict_d8,8.906559762537231,12.503201855088484,5,8.37517015393,97191.894859,97191.894859,1.00000000,0.99982529,0.98801805,width2_d1_m8,1
8,16,2,128.7268100662577,11.46045658416269,0.0,0.0,0.0,0.0,0.0,0.0,0.0,0.0,0.0,0.0,0.0,0.0,0.0,0.0,0.31491089119064464,-0.5286880250127889,strict_d8,10.845143878229669,12.075769290095712,10,9.55151719608,9645800.32388,9645800.32388,1.00000000,0.99925776,0.99877669,width2_d1_m8,1
8,16,3,128.84848385687513,10.405703784732758,0.0,0.0,0.0,0.0,0.0,0.0,0.0,0.0,0.0,0.0,0.0,0.0,0.0,0.0,0.4836426653723657,-0.9523265536232036,strict_d8,9.337743358348208,11.473664211117308,8,9.49543053967,2226386.94029,2226386.94029,1.00000000,0.99605834,0.99212877,width2_d1_m8,1
8,17,1,129.99974516109734,10.388514917619174,0.0,0.0,0.0,0.0,0.0,0.0,0.0,0.0,0.0,0.0,0.0,0.0,0.0,0.0,0.7016176001376956,-1.5211556377632192,strict_d8,8.713740374923418,12.06328946031493,5,8.39418760496,97490.3513401,97490.3513401,1.00000000,0.99982778,0.98877052,width2_d1_m8,1
8,17,2,126.06470811474816,10.353702994106866,0.0,0.0,0.0,0.0,0.0,0.0,0.0,0.0,0.0,0.0,0.0,0.0,0.0,0.0,0.7129713673488285,-1.4782369097561794,strict_d8,8.71252638466585,11.994879603547883,6,8.67081042074,99966.909825,99966.909825,1.00000000,0.99979114,0.98780237,width2_d1_m8,1
8,17,3,125.8810903435693,9.820954807353392,0.0,0.0,0.0,0.0,0.0,0.0,0.0,0.0,0.0,0.0,0.0,0.0,0.0,0.0,-0.13783132782382812,0.07494006338733158,strict_d8,9.66407473955707,9.977834875149714,8,9.77840534768,19243953.5965,19243953.5965,1.00000000,0.99979954,0.99974155,width2_d1_m8,1
8,18,1,129.1812182582197,9.675327134749345,0.0,0.0,0.0,0.0,0.0,0.0,0.0,0.0,0.0,0.0,0.0,0.0,0.0,0.0,-0.15682839538956342,-0.04804119449991951,strict_d8,9.51133205760364,9.83932221189505,10,9.52782166648,17264360.296,17264360.296,1.00000000,0.99975023,0.99960279,width2_d1_m8,1
8,18,2,123.51297094869706,9.93719696607336,0.0,0.0,0.0,0.0,0.0,0.0,0.0,0.0,0.0,0.0,0.0,0.0,0.0,0.0,0.5445438053488453,-0.9754228001364738,strict_d8,8.8201841390502,11.05420979309652,9,9.89283815873,1765280.64643,1765280.64643,1.00000000,0.99523088,0.99043561,width2_d1_m8,1
8,18,3,127.03807173123276,10.070801633428047,0.0,0.0,0.0,0.0,0.0,0.0,0.0,0.0,0.0,0.0,0.0,0.0,0.0,0.0,0.6403954798511055,-0.8866801848531412,strict_d8,8.977605837597261,11.163997429258833,8,9.62102429193,1786907.01855,1786907.01855,1.00000000,0.99503112,0.99006939,width2_d1_m8,1
8,19,1,125.52763515899436,9.179288334322496,0.0,0.0,0.0,0.0,0.0,0.0,0.0,0.0,0.0,0.0,0.0,0.0,0.0,0.0,-0.141649312782308,-0.0669268142580941,strict_d8,9.022663660288929,9.335913008356064,10,9.80459820537,15751204.251,15751204.251,1.00000000,0.99970897,0.99950725,width2_d1_m8,1
8,19,2,127.9109055619774,10.518152423094756,0.0,0.0,0.0,0.0,0.0,0.0,0.0,0.0,0.0,0.0,0.0,0.0,0.0,0.0,0.5032207288996774,-1.0174840538155685,strict_d8,9.383046365305194,11.653258480884318,8,9.56100868957,2256554.23807,2256554.23807,1.00000000,0.99616114,0.99232712,width2_d1_m8,1
8,19,3,127.00545943335099,10.097838867559789,0.0,0.0,0.0,0.0,0.0,0.0,0.0,0.0,0.0,0.0,0.0,0.0,0.0,0.0,0.29476251879117366,-0.517806834883035,strict_d8,9.502023734902279,10.693654000217299,8,9.67276230445,4924521.67404,4924521.67404,1.00000000,0.99839349,0.99696591,width2_d1_m8,1
8,20,1,123.61296983677684,10.28389016393195,0.0,0.0,0.0,0.0,0.0,0.0,0.0,0.0,0.0,0.0,0.0,0.0,0.0,0.0,0.3057908150915828,-0.4643206878360009,strict_d8,9.727954814255556,10.839825513608345,9,9.94367644118,6890415.53095,6890415.53095,1.00000000,0.99895094,0.99812959,width2_d1_m8,1
8,20,2,122.33315135686638,10.232800710078477,0.0,0.0,0.0,0.0,0.0,0.0,0.0,0.0,0.0,0.0,0.0,0.0,0.0,0.0,0.789808512914517,-1.3501802901530011,strict_d8,8.668606022659674,11.79699539749728,7,8.96930406167,102675.224112,102675.224112,1.00000000,0.99974116,0.98706976,width2_d1_m8,1
8,20,3,128.59921520824554,10.281312030503095,0.0,0.0,0.0,0.0,0.0,0.0,0.0,0.0,0.0,0.0,0.0,0.0,0.0,0.0,0.3445177942436732,-0.6154435847525019,strict_d8,9.57606335438943,10.98656070661676,8,9.54605932201,4086083.88631,4086083.88631,1.00000000,0.99796906,0.99609049,width2_d1_m8,1
8,21,1,124.44477987214728,9.746242342416817,0.0,0.0,0.0,0.0,0.0,0.0,0.0,0.0,0.0,0.0,0.0,0.0,0.0,0.0,0.4735722303005719,-1.5675088517846993,strict_d8,8.109110967349721,11.383373717483913,6,8.87944628848,102030.211993,102030.211993,1.00000000,0.99973303,0.98805602,width2_d1_m8,1
8,21,2,125.30867539562189,10.566615778703664,0.0,0.0,0.0,0.0,0.0,0.0,0.0,0.0,0.0,0.0,0.0,0.0,0.0,0.0,0.22948990080305037,-0.6154600913638603,strict_d8,9.910002688897706,11.223228868509622,9,9.80451597671,6381184.28096,6381184.28096,1.00000000,0.99877699,0.99773858,width2_d1_m8,1
8,21,3,124.79551647328351,9.943163055739541,0.0,0.0,0.0,0.0,0.0,0.0,0.0,0.0,0.0,0.0,0.0,0.0,0.0,0.0,0.0833903797939885,-0.5871306331175011,strict_d8,9.35047166872828,10.535854442750802,8,9.8436412611,4793500.50274,4793500.50274,1.00000000,0.99841815,0.99694663,width2_d1_m8,1
8,22,1,127.73788236196748,9.958700008524461,0.0,0.0,0.0,0.0,0.0,0.0,0.0,0.0,0.0,0.0,0.0,0.0,0.0,0.0,-0.17373100441430486,0.07409449225817284,strict_d8,9.769851893538592,10.147548123510331,8,9.63562780408,17555426.9123,17555426.9123,1.00000000,0.99975437,0.99963324,width2_d1_m8,1
8,22,2,124.57336627731077,10.200777877759373,0.0,0.0,0.0,0.0,0.0,0.0,0.0,0.0,0.0,0.0,0.0,0.0,0.0,0.0,0.0976343550149737,-0.5919996831448147,strict_d8,9.600817972191551,10.800737783327193,9,9.86326441814,5697726.25655,5697726.25655,1.00000000,0.99870045,0.99754099,width2_d1_m8,1
8,22,3,123.57382461583126,10.935512732587904,0.0,0.0,0.0,0.0,0.0,0.0,0.0,0.0,0.0,0.0,0.0,0.0,0.0,0.0,0.360904701561937,-0.4166773694288988,strict_d8,10.384368719809384,11.486656745366425,10,9.95131218983,9875845.7295,9875845.7295,1.00000000,0.99930193,0.99888624,width2_d1_m8,1
8,23,1,129.8092162003394,9.705373635191057,0.0,0.0,0.0,0.0,0.0,0.0,0.0,0.0,0.0,0.0,0.0,0.0,0.0,0.0,-0.16245259782848442,0.06988357770105319,strict_d8,9.528541590562352,9.882205679819762,10,9.48140897221,16312828.3315,16312828.3315,1.00000000,0.99971841,0.99953288,width2_d1_m8,1
8,23,2,126.46450815012261,10.122212641679834,0.0,0.0,0.0,0.0,0.0,0.0,0.0,0.0,0.0,0.0,0.0,0.0,0.0,0.0,-0.1332520973969548,0.0939420256043653,strict_d8,9.959191693128863,10.285233590230805,8,9.73364632075,20103949.2617,20103949.2617,1.00000000,0.99980892,0.99977943,width2_d1_m8,1
8,23,3,127.4200895483819,10.605903008373904,0.0,0.0,0.0,0.0,0.0,0.0,0.0,0.0,0.0,0.0,0.0,0.0,0.0,0.0,0.27654373764975476,-0.5071861626576624,strict_d8,10.028395038239543,11.183410978508265,8,9.64641386248,7167076.62038,7167076.62038,1.00000000,0.99894643,0.99810702,width2_d1_m8,1
8,24,1,126.67097575716765,9.986335955658147,0.0,0.0,0.0,0.0,0.0,0.0,0.0,0.0,0.0,0.0,0.0,0.0,0.0,0.0,0.15988842718114352,-1.1752218783709258,strict_d8,8.800839174114904,11.17183273720139,5,8.74327713527,100758.073653,100758.073653,1.00000000,0.99982611,0.98878311,width2_d1_m8,1
8,24,2,128.32213599715703,9.785095505341296,0.0,0.0,0.0,0.0,0.0,0.0,0.0,0.0,0.0,0.0,0.0,0.0,0.0,0.0,0.5179591747446814,-1.5273806742811389,strict_d8,8.172411974814404,11.397779035868188,5,8.6041705789,99596.6489319,99596.6489319,1.00000000,0.99978180,0.98918996,width2_d1_m8,1
8,24,3,128.49810526161838,10.186272635205633,0.0,0.0,0.0,0.0,0.0,0.0,0.0,0.0,0.0,0.0,0.0,0.0,0.0,0.0,-0.1412349548084676,0.09432556812640847,strict_d8,10.016513665009647,10.356031605401618,8,9.57941680395,19747751.1097,19747751.1097,1.00000000,0.99979812,0.99974745,width2_d1_m8,1
8,25,1,123.85829262808384,10.378576434576788,0.0,0.0,0.0,0.0,0.0,0.0,0.0,0.0,0.0,0.0,0.0,0.0,0.0,0.0,0.199532871009356,-0.5366263320120467,strict_d8,9.80627883451651,10.950874034637065,9,9.92363409089,7045561.94801,7045561.94801,1.00000000,0.99896999,0.99813837,width2_d1_m8,1
8,25,2,128.78648891959037,10.148860318071138,0.0,0.0,0.0,0.0,0.0,0.0,0.0,0.0,0.0,0.0,0.0,0.0,0.0,0.0,-0.14058999494088442,0.08438887373126897,strict_d8,9.984913950645737,10.31280668549654,8,9.55800666826,19820600.7799,19820600.7799,1.00000000,0.99980254,0.99975295,width2_d1_m8,1
8,25,3,129.57188461587322,10.11149286922002,0.0,0.0,0.0,0.0,0.0,0.0,0.0,0.0,0.0,0.0,0.0,0.0,0.0,0.0,0.24507114121287213,-1.5872532597900957,strict_d8,8.505797395914463,11.717188342525578,5,8.47571459951,98221.303332,98221.303332,1.00000000,0.99982204,0.98863986,width2_d1_m8,1
8,26,1,128.20508577421865,10.043160631744852,0.0,0.0,0.0,0.0,0.0,0.0,0.0,0.0,0.0,0.0,0.0,0.0,0.0,0.0,0.5385291425399101,-1.5668480504419602,strict_d8,8.386584926316669,11.699736337173038,5,8.56849490662,99152.4457695,99152.4457695,1.00000000,0.99979470,0.98867658,width2_d1_m8,1
8,26,2,127.07767941474508,10.866591817318888,0.0,0.0,0.0,0.0,0.0,0.0,0.0,0.0,0.0,0.0,0.0,0.0,0.0,0.0,0.22056857760763382,-0.5281476172431119,strict_d8,10.294275430310966,11.438908204326811,9,9.67448540565,8496958.60721,8496958.60721,1.00000000,0.99914176,0.99850446,width2_d1_m8,1
8,26,3,126.12014630325139,10.54565665588904,0.0,0.0,0.0,0.0,0.0,0.0,0.0,0.0,0.0,0.0,0.0,0.0,0.0,0.0,0.24487279635761264,-0.5865340465638291,strict_d8,9.91010079369758,11.1812125180805,9,9.74234586228,6370117.14247,6370117.14247,1.00000000,0.99878304,0.99775549,width2_d1_m8,1
8,27,1,127.74652108988073,10.121516696961706,0.0,0.0,0.0,0.0,0.0,0.0,0.0,0.0,0.0,0.0,0.0,0.0,0.0,0.0,-0.1575631258463163,0.07738804746215507,strict_d8,9.946065226689365,10.296968167234047,8,9.63557680689,19149590.6904,19149590.6904,1.00000000,0.99979070,0.99972607,width2_d1_m8,1
8,27,2,128.2703226863963,10.469389796925268,0.0,0.0,0.0,0.0,0.0,0.0,0.0,0.0,0.0,0.0,0.0,0.0,0.0,0.0,-0.1625257969189663,0.09828046441393865,strict_d8,10.2794793928811,10.659300200969435,8,9.5966284019,20106539.4494,20106539.4494,1.00000000,0.99979488,0.99975322,width2_d1_m8,1
8,27,3,122.05053750507587,10.557554675503566,0.0,0.0,0.0,0.0,0.0,0.0,0.0,0.0,0.0,0.0,0.0,0.0,0.0,0.0,0.3703531417980494,-1.0154988392154753,strict_d8,9.477263818641815,11.637845532365317,10,10.0318691279,3101415.04295,3101415.04295,1.00000000,0.99742131,0.99490621,width2_d1_m8,1
8,28,1,129.77845058738126,10.233993010101825,0.0,0.0,0.0,0.0,0.0,0.0,0.0,0.0,0.0,0.0,0.0,0.0,0.0,0.0,-0.20420401676685132,0.07466784603631366,strict_d8,10.016566095008015,10.451419925195635,8,9.48384245123,16894259.793,16894259.793,1.00000000,0.99972789,0.99957488,width2_d1_m8,1
8,28,2,129.31696954237844,10.369375568725603,0.0,0.0,0.0,0.0,0.0,0.0,0.0,0.0,0.0,0.0,0.0,0.0,0.0,0.0,0.05427144405525146,-1.0776756384928767,strict_d8,9.29046237503103,11.448288762420177,8,9.45850963733,2107162.73839,2107162.73839,1.00000000,0.99582156,0.99150684,width2_d1_m8,1
8,28,3,125.39225285117433,9.912587748768203,0.0,0.0,0.0,0.0,0.0,0.0,0.0,0.0,0.0,0.0,0.0,0.0,0.0,0.0,0.5177437301910078,-1.6689348875526806,strict_d8,8.165344737328809,11.6598307602076,6,8.77011676876,100943.416755,100943.416755,1.00000000,0.99974457,0.98783045,width2_d1_m8,1
8,29,1,129.13611984002225,10.23598554873073,0.0,0.0,0.0,0.0,0.0,0.0,0.0,0.0,0.0,0.0,0.0,0.0,0.0,0.0,0.07777756107398778,-1.2479123742424667,strict_d8,8.986118971252957,11.485852126208503,5,8.52895709927,98686.7635909,98686.7635909,1.00000000,0.99985768,0.98882753,width2_d1_m8,1
8,29,2,127.68740358960294,10.038023300349522,0.0,0.0,0.0,0.0,0.0,0.0,0.0,0.0,0.0,0.0,0.0,0.0,0.0,0.0,0.5573759841281098,-1.6480079079246046,strict_d8,8.298435989259836,11.777610611439208,5,8.59254723064,99350.6109844,99350.6109844,1.00000000,0.99977988,0.98836321,width2_d1_m8,1
8,29,3,127.5598153488064,9.655862952039469,0.0,0.0,0.0,0.0,0.0,0.0,0.0,0.0,0.0,0.0,0.0,0.0,0.0,0.0,-0.14895969058109146,-1.1125419946918138,strict_d8,8.533845051256499,10.777880852822438,5,8.74141345797,100807.168101,100807.168101,1.00000000,0.99982738,0.98931012,width2_d1_m8,1
8,30,1,124.14844550959852,10.360272989256034,0.0,0.0,0.0,0.0,0.0,0.0,0.0,0.0,0.0,0.0,0.0,0.0,0.0,0.0,0.10550380413276449,-0.5484702477728997,strict_d8,9.801814693628172,10.918731284883895,9,9.90104189678,7048169.352,7048169.352,1.00000000,0.99899823,0.99817036,width2_d1_m8,1
8,30,2,127.13469176124485,9.669592537776914,0.0,0.0,0.0,0.0,0.0,0.0,0.0,0.0,0.0,0.0,0.0,0.0,0.0,0.0,0.5558859902933422,-1.4907965096133295,strict_d8,8.079111526467495,11.260073549086334,5,8.70529128256,100583.441831,100583.441831,1.00000000,0.99976183,0.98918391,width2_d1_m8,1
8,30,3,124.27059338486593,9.86122306384579,0.0,0.0,0.0,0.0,0.0,0.0,0.0,0.0,0.0,0.0,0.0,0.0,0.0,0.0,0.3198673962904607,-1.1451522973696553,strict_d8,8.672703756921756,11.049742370769824,6,8.93343924357,102536.695169,102536.695169,1.00000000,0.99978840,0.98851261,width2_d1_m8,1
8,31,1,127.73071657474058,12.257673064658366,0.0,0.0,0.0,0.0,0.0,0.0,0.0,0.0,0.0,0.0,0.0,0.0,0.0,0.0,0.549086660274554,-0.9286541322986136,strict_d8,11.178891664621094,13.336454464695638,10,9.60623666165,6379593.11241,6379593.11241,1.00000000,0.99878432,0.99781705,width2_d1_m8,1
8,31,2,122.39214799825666,11.630349975998843,0.0,0.0,0.0,0.0,0.0,0.0,0.0,0.0,0.0,0.0,0.0,0.0,0.0,0.0,0.40527005495169605,-1.020906054744862,strict_d8,10.531965530310995,12.728734421686692,10,10.0189045032,5295154.29545,5295154.29545,1.00000000,0.99858365,0.99736371,width2_d1_m8,1
8,31,3,122.46468828394771,11.659576297222491,0.0,0.0,0.0,0.0,0.0,0.0,0.0,0.0,0.0,0.0,0.0,0.0,0.0,0.0,0.7614505989972206,-1.4017479797931398,strict_d8,10.064901637519505,13.254250956925478,10,9.96638567586,2926860.07452,2926860.07452,1.00000000,0.99733015,0.99472162,width2_d1_m8,1
8,32,1,129.8134114099117,8.603348976786506,0.0,0.0,0.0,0.0,0.0,0.0,0.0,0.0,0.0,0.0,0.0,0.0,0.0,0.0,1.5453377477257784,-0.6315513802085168,strict_d8,6.934737608512073,10.27196034506094,7,8.64042781154,100769.270223,100769.270223,1.00000000,0.99961110,0.99203397,width2_d1_m8,1
8,32,2,122.07988976878252,11.30270872124042,0.0,0.0,0.0,0.0,0.0,0.0,0.0,0.0,0.0,0.0,0.0,0.0,0.0,0.0,0.7195085195777238,-1.3991322526262795,strict_d8,9.729765207742979,12.87565223473786,10,9.99158939773,2539698.81944,2539698.81944,1.00000000,0.99686551,0.99373914,width2_d1_m8,1
8,32,3,123.99639002985725,10.795237912736608,0.0,0.0,0.0,0.0,0.0,0.0,0.0,0.0,0.0,0.0,0.0,0.0,0.0,0.0,0.5478228319137384,0.10623120735183282,strict_d8,10.237299614134855,11.353176211338361,10,9.91621668959,9094526.22124,9094526.22124,1.00000000,0.99920298,0.99872058,width2_d1_m8,1
8,33,1,127.1892997471555,10.12239461018591,0.0,0.0,0.0,0.0,0.0,0.0,0.0,0.0,0.0,0.0,0.0,0.0,0.0,0.0,-0.14045582225164974,0.07350247944823465,strict_d8,9.963872156130595,10.280917064241226,8,9.67824577521,20412965.7719,20412965.7719,1.00000000,0.99981379,0.99978332,width2_d1_m8,1
8,33,2,126.54432869165821,8.391745143899685,0.0,0.0,0.0,0.0,0.0,0.0,0.0,0.0,0.0,0.0,0.0,0.0,0.0,0.0,1.5859681110508688,-0.5339062265392348,strict_d8,6.718815929020002,10.064674358779369,8,8.89016987933,103135.261645,103135.261645,1.00000000,0.99952378,0.99193061,width2_d1_m8,1
8,33,3,122.27974115814392,11.440738819181606,0.0,0.0,0.0,0.0,0.0,0.0,0.0,0.0,0.0,0.0,0.0,0.0,0.0,0.0,0.7597904019582646,-1.5077924962120375,strict_d8,9.752473710705887,13.129003927657324,10,9.96489221256,2409254.94254,2409254.94254,1.00000000,0.99670126,0.99338093,width2_d1_m8,1
8,34,1,122.55645219800837,9.993555576516709,0.0,0.0,0.0,0.0,0.0,0.0,0.0,0.0,0.0,0.0,0.0,0.0,0.0,0.0,0.5836245145010797,0.0333479761513681,strict_d8,9.409026504777266,10.578084648256151,9,10.0255648749,5474705.67532,5474705.67532,1.00000000,0.99861077,0.99750953,width2_d1_m8,1
8,34,2,124.61621744287547,10.805967563090496,0.0,0.0,0.0,0.0,0.0,0.0,0.0,0.0,0.0,0.0,0.0,0.0,0.0,0.0,0.6021730934411671,-0.03815488150860928,strict_d8,10.202599783049672,11.40933534313132,10,9.86438616858,8258044.12571,8258044.12571,1.00000000,0.99908009,0.99847333,width2_d1_m8,1
8,34,3,128.33325868018133,11.032909326250307,0.0,0.0,0.0,0.0,0.0,0.0,0.0,0.0,0.0,0.0,0.0,0.0,0.0,0.0,-0.15182134427594904,-0.02274326916446362,strict_d8,10.879400245564826,11.186418406935788,8,9.59353963466,19876939.5627,19876939.5627,1.00000000,0.99984126,0.99988954,width2_d1_m8,1
8,35,1,126.67375845987307,10.47302594155457,0.0,0.0,0.0,0.0,0.0,0.0,0.0,0.0,0.0,0.0,0.0,0.0,0.0,0.0,-0.18955582407704044,0.060767705190381695,strict_d8,10.274063339049544,10.671988544059595,8,9.71755281027,19621462.0578,19621462.0578,1.00000000,0.99979276,0.99974980,width2_d1_m8,1
8,35,2,123.90626163554464,11.321640139446874,0.0,0.0,0.0,0.0,0.0,0.0,0.0,0.0,0.0,0.0,0.0,0.0,0.0,0.0,0.44704190097997404,-0.9812690487877384,strict_d8,10.243711089783448,12.3995691891103,10,9.89324714022,4573487.79331,4573487.79331,1.00000000,0.99828532,0.99673468,width2_d1_m8,1
8,35,3,128.7146461736558,10.30957963785136,0.0,0.0,0.0,0.0,0.0,0.0,0.0,0.0,0.0,0.0,0.0,0.0,0.0,0.0,1.059735695595086,-0.017469582064119023,strict_d8,9.249843942256275,11.369315333446446,8,9.50402481185,2098695.60654,2098695.60654,1.00000000,0.99574501,0.99167010,width2_d1_m8,1
8,36,1,127.52533543250131,9.988845055075277,0.0,0.0,0.0,0.0,0.0,0.0,0.0,0.0,0.0,0.0,0.0,0.0,0.0,0.0,-0.1525521611987431,0.02149212631145529,strict_d8,9.834786395157654,10.1429037149929,8,9.65254800015,20069600.3918,20069600.3918,1.00000000,0.99981267,0.99976593,width2_d1_m8,1
8,36,2,129.0419502615144,11.0306575184,0.0,0.0,0.0,0.0,0.0,0.0,0.0,0.0,0.0,0.0,0.0,0.0,0.0,0.0,-0.1538695878025379,0.014460857587915127,strict_d8,10.876154010747241,11.185161026052759,8,9.54073025139,20032781.966,20032781.966,1.00000000,0.99984123,0.99988469,width2_d1_m8,1
8,36,3,126.8496734678628,10.553872684669692,0.0,0.0,0.0,0.0,0.0,0.0,0.0,0.0,0.0,0.0,0.0,0.0,0.0,0.0,1.0407309262739755,0.20211455631985512,strict_d8,9.493862246981989,11.613883122357395,8,9.65081407348,2736543.49421,2736543.49421,1.00000000,0.99680031,0.99380759,width2_d1_m8,1
8,37,1,126.40136875418709,10.297444622477219,0.0,0.0,0.0,0.0,0.0,0.0,0.0,0.0,0.0,0.0,0.0,0.0,0.0,0.0,-0.16528818900679138,-0.0648342982552119,strict_d8,10.119949894982803,10.474939349971635,8,9.7386472883,20283662.7785,20283662.7785,1.00000000,0.99980585,0.99977436,width2_d1_m8,1
8,37,2,122.19288212416564,11.362867135150065,0.0,0.0,0.0,0.0,0.0,0.0,0.0,0.0,0.0,0.0,0.0,0.0,0.0,0.0,1.0837085894884102,-0.03251700875761132,strict_d8,10.279158545661655,12.446575724638475,10,10.0332876142,4838606.13618,4838606.13618,1.00000000,0.99836857,0.99704082,width2_d1_m8,1
8,37,3,129.4119101413033,11.04008755916202,0.0,0.0,0.0,0.0,0.0,0.0,0.0,0.0,0.0,0.0,0.0,0.0,0.0,0.0,0.36198667144658997,-1.0225264264006384,strict_d8,9.955747105035478,12.124428013288561,8,9.4643068751,3287334.90504,3287334.90504,1.00000000,0.99741537,0.99488988,width2_d1_m8,1
8,38,1,124.59143758174858,10.487898182525658,0.0,0.0,0.0,0.0,0.0,0.0,0.0,0.0,0.0,0.0,0.0,0.0,0.0,0.0,0.5555154263572011,0.08172442146313133,strict_d8,9.926415152951572,11.049381212099744,9,9.86647683533,7496051.43682,7496051.43682,1.00000000,0.99900410,0.99830874,width2_d1_m8,1
8,38,2,124.40306850297486,10.344868867392284,0.0,0.0,0.0,0.0,0.0,0.0,0.0,0.0,0.0,0.0,0.0,0.0,0.0,0.0,-0.14521664797873146,0.06503000657808122,strict_d8,10.185756771682463,10.503980963102105,10,9.89572339461,21502216.4717,21502216.4717,1.00000000,0.99982792,0.99984089,width2_d1_m8,1
8,38,3,126.82917791356505,10.105013582983245,0.0,0.0,0.0,0.0,0.0,0.0,0.0,0.0,0.0,0.0,0.0,0.0,0.0,0.0,-0.19782928922960577,0.06107500898057965,strict_d8,9.898013310930216,10.312013855036275,8,9.70468702384,17510065.2306,17510065.2306,1.00000000,0.99975059,0.99963226,width2_d1_m8,1
8,39,1,122.29171910801155,11.068775962364859,0.0,0.0,0.0,0.0,0.0,0.0,0.0,0.0,0.0,0.0,0.0,0.0,0.0,0.0,0.3573988787164625,-0.9889191630080931,strict_d8,10.017815621002924,12.119736303726793,10,10.0233322444,4347919.70917,4347919.70917,1.00000000,0.99821866,0.99657734,width2_d1_m8,1
8,39,2,123.69361363082022,11.842479769502539,0.0,0.0,0.0,0.0,0.0,0.0,0.0,0.0,0.0,0.0,0.0,0.0,0.0,0.0,0.6315192961046736,-0.8598546902548625,strict_d8,10.776102925506105,12.908856613498973,10,9.91787569937,5820736.61618,5820736.61618,1.00000000,0.99871679,0.99769228,width2_d1_m8,1
8,39,3,124.43898964621656,11.351224675528472,0.0,0.0,0.0,0.0,0.0,0.0,0.0,0.0,0.0,0.0,0.0,0.0,0.0,0.0,0.43921638776451544,-0.33140557294137635,strict_d8,10.801095845316523,11.901353505740422,10,9.88419891591,11393840.2058,11393840.2058,1.00000000,0.99940718,0.99913265,width2_d1_m8,1
8,40,1,128.51466430976032,11.12507308859884,0.0,0.0,0.0,0.0,0.0,0.0,0.0,0.0,0.0,0.0,0.0,0.0,0.0,0.0,0.2563029094400823,-0.5103630239257088,strict_d8,10.554006040906549,11.696140136291133,8,9.56750831461,9296055.04801,9296055.04801,1.00000000,0.99922122,0.99868141,width2_d1_m8,1
8,40,2,128.93807657702197,8.473603554079428,0.0,0.0,0.0,0.0,0.0,0.0,0.0,0.0,0.0,0.0,0.0,0.0,0.0,0.0,1.6177540764544471,-0.3322828258137368,strict_d8,6.82211580147354,10.125091306685317,7,8.71762289506,101549.748542,101549.748542,1.00000000,0.99957619,0.99220817,width2_d1_m8,1
8,40,3,124.85254533448042,11.139714846904997,0.0,0.0,0.0,0.0,0.0,0.0,0.0,0.0,0.0,0.0,0.0,0.0,0.0,0.0,0.4168034996961483,-0.9730637950824371,strict_d8,10.081368467496072,12.198061226313923,10,9.81673081964,4160116.08141,4160116.08141,1.00000000,0.99808269,0.99630179,width2_d1_m8,1
8,41,1,124.54556841785211,11.77355612424022,0.0,0.0,0.0,0.0,0.0,0.0,0.0,0.0,0.0,0.0,0.0,0.0,0.0,0.0,0.4383939293717039,-0.40742986896038913,strict_d8,11.175177353767953,12.371934894712485,10,9.87575551076,11665967.7703,11665967.7703,1.00000000,0.99943583,0.99920425,width2_d1_m8,1
8,41,2,122.85573875308184,11.69420751589587,0.0,0.0,0.0,0.0,0.0,0.0,0.0,0.0,0.0,0.0,0.0,0.0,0.0,0.0,0.8810615924348165,-1.311901934353555,strict_d8,10.11390813079895,13.27450690099279,10,9.93688325658,2993072.67878,2993072.67878,1.00000000,0.99737682,0.99484453,width2_d1_m8,1
8,41,3,123.93118432575199,11.487721729856766,0.0,0.0,0.0,0.0,0.0,0.0,0.0,0.0,0.0,0.0,0.0,0.0,0.0,0.0,0.5259446464614851,-0.21603829746167708,strict_d8,10.919376695225058,12.056066764488474,10,9.92478878259,11097670.4232,11097670.4232,1.00000000,0.99941522,0.99917225,width2_d1_m8,1
8,42,1,125.11593376585566,11.862032105572407,0.0,0.0,0.0,0.0,0.0,0.0,0.0,0.0,0.0,0.0,0.0,0.0,0.0,0.0,1.3123368412929655,-0.9038824367555809,strict_d8,10.269040532490944,13.45502367865387,10,9.7582512287,3029363.98558,3029363.98558,1.00000000,0.99733239,0.99482719,width2_d1_m8,1
8,42,2,125.07347753822444,11.907958272178963,0.0,0.0,0.0,0.0,0.0,0.0,0.0,0.0,0.0,0.0,0.0,0.0,0.0,0.0,1.0882578044179732,-1.117136661390084,strict_d8,10.349102787650718,13.466813756707207,10,9.76605511877,3187289.98384,3187289.98384,1.00000000,0.99750628,0.99515795,width2_d1_m8,1
8,42,3,123.72369911678638,11.608186584845658,0.0,0.0,0.0,0.0,0.0,0.0,0.0,0.0,0.0,0.0,0.0,0.0,0.0,0.0,0.7183604714888037,-0.8019720620727879,strict_d8,10.53152821886729,12.684844950824026,10,9.91196854756,5244361.187,5244361.187,1.00000000,0.99852913,0.99730667,width2_d1_m8,1
8,43,1,127.37442183342276,10.168187903692369,0.0,0.0,0.0,0.0,0.0,0.0,0.0,0.0,0.0,0.0,0.0,0.0,0.0,0.0,-0.14859664645898157,0.030991200120237098,strict_d8,10.016395017663957,10.31998078972078,8,9.66437616612,21399376.503,21399376.503,1.00000000,0.99982552,0.99980704,width2_d1_m8,1
8,43,2,123.4577426246011,11.539103429191012,0.0,0.0,0.0,0.0,0.0,0.0,0.0,0.0,0.0,0.0,0.0,0.0,0.0,0.0,1.0172448927142508,-1.3318376718169733,strict_d8,9.86332253032475,13.214884328057275,10,9.87309856232,2473627.97812,2473627.97812,1.00000000,0.99676078,0.99355793,width2_d1_m8,1
8,43,3,124.71934304221898,11.671521986972461,0.0,0.0,0.0,0.0,0.0,0.0,0.0,0.0,0.0,0.0,0.0,0.0,0.0,0.0,0.8771601071401649,-0.6120496663752082,strict_d8,10.602130785942443,12.74091318800248,10,9.8338072486,5300659.48534,5300659.48534,1.00000000,0.99853215,0.99734332,width2_d1_m8,1
8,44,1,123.31648593931993,11.82547475051065,0.0,0.0,0.0,0.0,0.0,0.0,0.0,0.0,0.0,0.0,0.0,0.0,0.0,0.0,0.625502679717665,-1.428009388723212,strict_d8,10.267130073095142,13.38381942792616,10,9.90452915967,3218637.57875,3218637.57875,1.00000000,0.99758359,0.99523821,width2_d1_m8,1
8,44,2,125.68041263814546,10.389495796896677,0.0,0.0,0.0,0.0,0.0,0.0,0.0,0.0,0.0,0.0,0.0,0.0,0.0,0.0,-0.16542592875894555,-0.06254634000789464,strict_d8,10.212654164181243,10.56633742961211,8,9.79479627386,20595118.9213,20595118.9213,1.00000000,0.99981267,0.99979878,width2_d1_m8,1
8,44,3,122.43433497375298,11.929118045713263,0.0,0.0,0.0,0.0,0.0,0.0,0.0,0.0,0.0,0.0,0.0,0.0,0.0,0.0,1.304864839128927,-0.8609679170383465,strict_d8,10.36628641802316,13.491949673403367,10,9.9787729028,3439998.40133,3439998.40133,1.00000000,0.99772672,0.99566299,width2_d1_m8,1
8,45,1,124.26217147005639,11.576307292073265,0.0,0.0,0.0,0.0,0.0,0.0,0.0,0.0,0.0,0.0,0.0,0.0,0.0,0.0,1.0186760558330963,-1.2104999711917739,strict_d8,9.995103175318713,13.157511408827817,10,9.82032227196,2731091.15612,2731091.15612,1.00000000,0.99703678,0.99415525,width2_d1_m8,1
8,45,2,124.25252139576514,11.95140018116662,0.0,0.0,0.0,0.0,0.0,0.0,0.0,0.0,0.0,0.0,0.0,0.0,0.0,0.0,0.8005205702069369,-0.78119210679186,strict_d8,10.832892238107515,13.069908124225726,10,9.87059721129,5610591.09081,5610591.09081,1.00000000,0.99864968,0.99757714,width2_d1_m8,1
8,45,3,127.4883108195334,11.26678814652971,0.0,0.0,0.0,0.0,0.0,0.0,0.0,0.0,0.0,0.0,0.0,0.0,0.0,0.0,-0.12878203902794533,0.08138315596385522,strict_d8,11.114448281383575,11.419128011675843,10,9.65765840053,20860476.9439,20860476.9439,1.00000000,0.99983815,0.99990828,width2_d1_m8,1
8,46,1,122.65580346533974,10.864802702902812,0.0,0.0,0.0,0.0,0.0,0.0,0.0,0.0,0.0,0.0,0.0,0.0,0.0,0.0,0.5276534450962009,-0.29828862270874534,strict_d8,10.258874337827075,11.47073106797855,10,10.0228692239,8726867.75616,8726867.75616,1.00000000,0.99917271,0.99865201,width2_d1_m8,1
8,46,2,125.17225463482613,11.818843388754054,0.0,0.0,0.0,0.0,0.0,0.0,0.0,0.0,0.0,0.0,0.0,0.0,0.0,0.0,1.6443444991975924,-0.326652314826296,strict_d8,10.142516926999027,13.49516985050908,10,9.74395976661,2717608.58993,2717608.58993,1.00000000,0.99699865,0.99417207,width2_d1_m8,1
8,46,3,126.82763186391406,12.037832734762043,0.0,0.0,0.0,0.0,0.0,0.0,0.0,0.0,0.0,0.0,0.0,0.0,0.0,0.0,0.8238945631410207,-0.7348531970307266,strict_d8,10.934338352962033,13.141327116562053,10,9.6710598776,5648340.10794,5648340.10794,1.00000000,0.99862161,0.99751808,width2_d1_m8,1
8,47,1,124.93578550250452,11.494057534670503,0.0,0.0,0.0,0.0,0.0,0.0,0.0,0.0,0.0,0.0,0.0,0.0,0.0,0.0,0.5934113516548636,-0.9266295427372737,strict_d8,10.39401541121742,12.594099658123586,10,9.81176884004,4791186.98015,4791186.98015,1.00000000,0.99831558,0.99682637,width2_d1_m8,1
8,47,2,122.63407217737256,11.958843970955556,0.0,0.0,0.0,0.0,0.0,0.0,0.0,0.0,0.0,0.0,0.0,0.0,0.0,0.0,0.4756655737792733,-0.3650802509604161,strict_d8,11.359433650711246,12.558254291199866,10,10.0311226112,12145950.1947,12145950.1947,1.00000000,0.99948415,0.99933051,width2_d1_m8,1
8,47,3,122.15441718161739,11.80227807911862,0.0,0.0,0.0,0.0,0.0,0.0,0.0,0.0,0.0,0.0,0.0,0.0,0.0,0.0,1.1932389792502742,-1.0707608716000883,strict_d8,10.199932168549289,13.404623989687952,10,9.99476969886,3127642.82364,3127642.82364,1.00000000,0.99750374,0.99516588,width2_d1_m8,1
8,48,1,122.99302408084606,11.378512731990527,0.0,0.0,0.0,0.0,0.0,0.0,0.0,0.0,0.0,0.0,0.0,0.0,0.0,0.0,0.6134657211406882,-0.1359825282087411,strict_d8,10.750180351362776,12.00684511261828,10,9.99744996968,9625500.6749,9625500.6749,1.00000000,0.99930838,0.99896201,width2_d1_m8,1
8,48,2,123.94083051235076,12.132567150432159,0.0,0.0,0.0,0.0,0.0,0.0,0.0,0.0,0.0,0.0,0.0,0.0,0.0,0.0,0.42297361547559004,-0.3969927271399499,strict_d8,11.55253107340832,12.712603227455999,10,9.92652693725,13112970.0572,13112970.0572,1.00000000,0.99951981,0.99939893,width2_d1_m8,1
8,48,3,126.86720602953186,11.083055973714602,0.0,0.0,0.0,0.0,0.0,0.0,0.0,0.0,0.0,0.0,0.0,0.0,0.0,0.0,-0.15802702172953725,-0.009654081628889156,strict_d8,10.924740463175917,11.241371484253287,9,9.70459589738,18983402.1099,18983402.1099,1.00000000,0.99983770,0.99989231,width2_d1_m8,1
8,49,1,126.45082280837164,11.906187832800647,0.0,0.0,0.0,0.0,0.0,0.0,0.0,0.0,0.0,0.0,0.0,0.0,0.0,0.0,0.689702936192465,-0.8531134491007007,strict_d8,10.809301733630083,13.003073931971212,10,9.69896777714,5427386.08481,5427386.08481,1.00000000,0.99857165,0.99738730,width2_d1_m8,1
8,49,2,124.12829155458749,11.757599110023941,0.0,0.0,0.0,0.0,0.0,0.0,0.0,0.0,0.0,0.0,0.0,0.0,0.0,0.0,0.8451012142290592,-0.6354138126034419,strict_d8,10.700410997594492,12.81478722245339,10,9.88283952148,5785215.47898,5785215.47898,1.00000000,0.99864968,0.99758828,width2_d1_m8,1
8,49,3,125.92282537966092,10.968868011692603,0.0,0.0,0.0,0.0,0.0,0.0,0.0,0.0,0.0,0.0,0.0,0.0,0.0,0.0,-0.15996277425299216,0.005321250553631646,strict_d8,10.80890523743961,11.128830785945595,10,9.77723234125,19838266.244,19838266.244,1.00000000,0.99983608,0.99988649,width2_d1_m8,1
8,50,1,122.45789357548405,12.169262314090584,0.0,0.0,0.0,0.0,0.0,0.0,0.0,0.0,0.0,0.0,0.0,0.0,0.0,0.0,0.5335283064047899,-0.2080104986203312,strict_d8,11.59676592103023,12.74175870715094,10,10.0476324877,13148195.5591,13148195.5591,1.00000000,0.99953309,0.99945698,width2_d1_m8,1
8,50,2,124.6417419989896,12.16655166098483,0.0,0.0,0.0,0.0,0.0,0.0,0.0,0.0,0.0,0.0,0.0,0.0,0.0,0.0,0.567653749429652,-0.2651540035713523,strict_d8,11.540126307368858,12.792977014600801,10,9.86899681828,12004264.1089,12004264.1089,1.00000000,0.99946407,0.99930175,width2_d1_m8,1
8,50,3,128.03125542853903,10.430521758028512,0.0,0.0,0.0,0.0,0.0,0.0,0.0,0.0,0.0,0.0,0.0,0.0,0.0,0.0,-0.158971381450968,0.023030354822326356,strict_d8,10.26989226923705,10.591151246819974,8,9.61503385815,21608219.2981,21608219.2981,1.00000000,0.99982647,0.99981934,width2_d1_m8,1
8,51,1,128.10197308862783,10.544410698154794,0.0,0.0,0.0,0.0,0.0,0.0,0.0,0.0,0.0,0.0,0.0,0.0,0.0,0.0,-0.1196947320230312,0.10812176396919856,strict_d8,10.383201825149762,10.705619571159826,8,9.60989085395,21787142.0161,21787142.0161,1.00000000,0.99982414,0.99983318,width2_d1_m8,1
8,51,2,127.31684444577238,11.779233597609554,0.0,0.0,0.0,0.0,0.0,0.0,0.0,0.0,0.0,0.0,0.0,0.0,0.0,0.0,1.1726379413665613,-1.1376331956352443,strict_d8,10.145442033137364,13.413025162081745,10,9.58138710257,2624597.3859,2624597.3859,1.00000000,0.99685217,0.99378799,width2_d1_m8,1
8,51,3,123.14164273335297,12.210445326974472,0.0,0.0,0.0,0.0,0.0,0.0,0.0,0.0,0.0,0.0,0.0,0.0,0.0,0.0,0.5803292932455879,-0.2729855339330606,strict_d8,11.569254917512836,12.851635736436108,10,9.98924332763,11987698.4212,11987698.4212,1.00000000,0.99946782,0.99932116,width2_d1_m8,1
8,52,1,123.28104180266865,12.287040588278225,0.0,0.0,0.0,0.0,0.0,0.0,0.0,0.0,0.0,0.0,0.0,0.0,0.0,0.0,0.5244830128072484,-0.17799600917264619,strict_d8,11.733309550847068,12.840771625709383,10,9.98150933988,13596103.6641,13596103.6641,1.00000000,0.99955637,0.99950685,width2_d1_m8,1
8,52,2,122.29627675696258,11.449717160452922,0.0,0.0,0.0,0.0,0.0,0.0,0.0,0.0,0.0,0.0,0.0,0.0,0.0,0.0,1.0712207638292428,-1.211317637300928,strict_d8,9.832746127037973,13.06668819386787,10,9.97265711868,2604495.58246,2604495.58246,1.00000000,0.99693153,0.99393767,width2_d1_m8,1
8,52,3,122.41320422878556,11.663399871686714,0.0,0.0,0.0,0.0,0.0,0.0,0.0,0.0,0.0,0.0,0.0,0.0,0.0,0.0,0.3797138223107524,-1.0194721171143988,strict_d8,10.575918483068456,12.750881260304972,10,10.0183947548,5503595.69445,5503595.69445,1.00000000,0.99862990,0.99745865,width2_d1_m8,1
8,53,1,122.20831057977661,11.77789729340233,0.0,0.0,0.0,0.0,0.0,0.0,0.0,0.0,0.0,0.0,0.0,0.0,0.0,0.0,1.4238365561964736,-0.8168387515982141,strict_d8,10.137241668227219,13.41855291857744,10,9.98567949464,2995391.80624,2995391.80624,1.00000000,0.99735073,0.99487788,width2_d1_m8,1
8,53,2,126.00789881325771,11.966054147435123,0.0,0.0,0.0,0.0,0.0,0.0,0.0,0.0,0.0,0.0,0.0,0.0,0.0,0.0,1.0629116685302513,-0.26131968316169635,strict_d8,10.872038231900182,13.060070062970064,10,9.73435743222,5766883.95527,5766883.95527,1.00000000,0.99861432,0.99754857,width2_d1_m8,1
8,53,3,122.27652199605048,11.758260987748272,0.0,0.0,0.0,0.0,0.0,0.0,0.0,0.0,0.0,0.0,0.0,0.0,0.0,0.0,0.7691641266333935,-0.7281200484558095,strict_d8,10.699175932109315,12.81734604338723,10,10.0331459486,5901252.84122,5901252.84122,1.00000000,0.99872917,0.99774680,width2_d1_m8,1
8,54,1,125.9507715290489,11.566471313633041,0.0,0.0,0.0,0.0,0.0,0.0,0.0,0.0,0.0,0.0,0.0,0.0,0.0,0.0,0.3983656821065219,-0.3914323797539068,strict_d8,11.007999244340027,12.124943382926054,10,9.76585598207,11536237.9399,11536237.9399,1.00000000,0.99942746,0.99916739,width2_d1_m8,1
8,54,2,122.58262278994538,11.984792265075026,0.0,0.0,0.0,0.0,0.0,0.0,0.0,0.0,0.0,0.0,0.0,0.0,0.0,0.0,0.47652353723516816,-0.3392528735901299,strict_d8,11.39986878933799,12.569715740812061,10,10.0360113771,12453085.8787,12453085.8787,1.00000000,0.99950286,0.99937255,width2_d1_m8,1
8,54,3,123.95955447082855,12.287005089386092,0.0,0.0,0.0,0.0,0.0,0.0,0.0,0.0,0.0,0.0,0.0,0.0,0.0,0.0,0.9516375392330658,-0.5046617090865869,strict_d8,11.209834693602986,13.364175485169199,10,9.90074110596,6797977.49476,6797977.49476,1.00000000,0.99890153,0.99815069,width2_d1_m8,1
8,55,1,125.54603878960332,10.777551179335362,0.0,0.0,0.0,0.0,0.0,0.0,0.0,0.0,0.0,0.0,0.0,0.0,0.0,0.0,-0.19318894466434833,-0.0051200564158166454,strict_d8,10.584362234671014,10.97074012399971,10,9.80573659154,20143132.1314,20143132.1314,1.00000000,0.99981314,0.99981899,width2_d1_m8,1
8,55,2,126.12363432989743,11.64248245007348,0.0,0.0,0.0,0.0,0.0,0.0,0.0,0.0,0.0,0.0,0.0,0.0,0.0,0.0,1.4006579843101494,-0.7634588176253528,strict_d8,10.047352650174954,13.237612249972006,10,9.67407354355,2642785.37621,2642785.37621,1.00000000,0.99686642,0.99387033,width2_d1_m8,1
8,55,3,122.53306211856983,12.14537285998261,0.0,0.0,0.0,0.0,0.0,0.0,0.0,0.0,0.0,0.0,0.0,0.0,0.0,0.0,0.5342642716957529,-0.25345329740807665,strict_d8,11.554209418029968,12.736536301935251,10,10.0406628653,12739507.1031,12739507.1031,1.00000000,0.99951351,0.99941302,width2_d1_m8,1
8,56,1,125.32675787360417,12.089849084659695,0.0,0.0,0.0,0.0,0.0,0.0,0.0,0.0,0.0,0.0,0.0,0.0,0.0,0.0,0.8508517454792628,-0.6819499113196935,strict_d8,10.99970987969409,13.179988289625301,10,9.78913333429,6080115.48435,6080115.48435,1.00000000,0.99874005,0.99777983,width2_d1_m8,1
8,56,2,126.05255883475164,12.150265779559984,0.0,0.0,0.0,0.0,0.0,0.0,0.0,0.0,0.0,0.0,0.0,0.0,0.0,0.0,0.5460671526633297,-0.273076050830363,strict_d8,11.539915661233838,12.76061589788613,10,9.75869969485,12184237.777,12184237.777,1.00000000,0.99946627,0.99929561,width2_d1_m8,1
8,56,3,124.31297346149532,11.799307342083015,0.0,0.0,0.0,0.0,0.0,0.0,0.0,0.0,0.0,0.0,0.0,0.0,0.0,0.0,0.5228899755084542,-0.21709527839584036,strict_d8,11.233322975348084,12.365291708817946,10,9.89580386238,11719029.0074,11719029.0074,1.00000000,0.99947597,0.99930871,width2_d1_m8,1
8,57,1,123.18265347234343,11.513690484409345,0.0,0.0,0.0,0.0,0.0,0.0,0.0,0.0,0.0,0.0,0.0,0.0,0.0,0.0,0.46531326879306584,-0.35452726831242803,strict_d8,10.928858242398015,12.098522726420676,10,9.9846467407,11201074.8364,11201074.8364,1.00000000,0.99941406,0.99916049,width2_d1_m8,1
8,57,2,126.7015978196818,10.96466473730481,0.0,0.0,0.0,0.0,0.0,0.0,0.0,0.0,0.0,0.0,0.0,0.0,0.0,0.0,-0.17699504009113975,0.07960998757514841,strict_d8,10.770591423302658,11.158738051306962,9,9.71648445675,19980829.9506,19980829.9506,1.00000000,0.99981423,0.99983114,width2_d1_m8,1
8,57,3,126.68173258670836,10.717888087512556,0.0,0.0,0.0,0.0,0.0,0.0,0.0,0.0,0.0,0.0,0.0,0.0,0.0,0.0,-0.15217716772974924,0.0334111656502979,strict_d8,10.56208978406869,10.873686390956422,8,9.71817084197,21395091.333,21395091.333,1.00000000,0.99983721,0.99987014,width2_d1_m8,1
8,58,1,129.37904247329604,10.672600585771011,0.0,0.0,0.0,0.0,0.0,0.0,0.0,0.0,0.0,0.0,0.0,0.0,0.0,0.0,-0.1587734329605258,0.04236550464670996,strict_d8,10.508300250654756,10.836900920887267,8,9.51507768008,21698318.0432,21698318.0432,1.00000000,0.99982863,0.99983210,width2_d1_m8,1
8,58,2,123.31114784649309,10.621330821849577,0.0,0.0,0.0,0.0,0.0,0.0,0.0,0.0,0.0,0.0,0.0,0.0,0.0,0.0,-0.15607233230219683,0.058130228540353365,strict_d8,10.454789093779432,10.787872549919722,10,9.98390410369,21662654.4963,21662654.4963,1.00000000,0.99982820,0.99986281,width2_d1_m8,1
8,58,3,123.37082214232811,10.713713140088856,0.0,0.0,0.0,0.0,0.0,0.0,0.0,0.0,0.0,0.0,0.0,0.0,0.0,0.0,-0.1620670625741371,0.07289739406563805,strict_d8,10.536007469889542,10.89141881028817,10,9.9790401198,20868053.1502,20868053.1502,1.00000000,0.99982170,0.99985337,width2_d1_m8,1
8,59,1,124.43868843542239,10.653895320317472,0.0,0.0,0.0,0.0,0.0,0.0,0.0,0.0,0.0,0.0,0.0,0.0,0.0,0.0,-0.1518336368486603,0.003440787043764085,strict_d8,10.502061683468812,10.805728957166133,10,9.89354974876,22212289.2114,22212289.2114,1.00000000,0.99983883,0.99988219,width2_d1_m8,1
8,59,2,122.3195280476699,11.686643722971862,0.0,0.0,0.0,0.0,0.0,0.0,0.0,0.0,0.0,0.0,0.0,0.0,0.0,0.0,0.8242078715942752,-0.651311931474102,strict_d8,10.636608623369586,12.736678822574138,10,10.0294359038,5863205.39634,5863205.39634,1.00000000,0.99869682,0.99768786,width2_d1_m8,1
8,59,3,129.35206203738042,11.99820547584184,0.0,0.0,0.0,0.0,0.0,0.0,0.0,0.0,0.0,0.0,0.0,0.0,0.0,0.0,0.8188540403983432,-0.7056680210583874,strict_d8,10.917332227980815,13.079078723702866,10,9.48237484292,5448271.63896,5448271.63896,1.00000000,0.99852445,0.99730850,width2_d1_m8,1
8,60,1,124.1739880871676,12.197188900661446,0.0,0.0,0.0,0.0,0.0,0.0,0.0,0.0,0.0,0.0,0.0,0.0,0.0,0.0,0.41666642749210514,-0.38315856309398966,strict_d8,11.631299852835175,12.763077948487718,10,9.90863146206,13158744.4003,13158744.4003,1.00000000,0.99953909,0.99944131,width2_d1_m8,1
8,60,2,124.15943800978297,10.613241781275828,0.0,0.0,0.0,0.0,0.0,0.0,0.0,0.0,0.0,0.0,0.0,0.0,0.0,0.0,-0.16020074459658043,0.013796133223232518,strict_d8,10.452468908036467,10.77401465451519,10,9.91568297159,21723093.4018,21723093.4018,1.00000000,0.99983296,0.99986644,width2_d1_m8,1
8,60,3,123.6749117821485,11.85816671734062,0.0,0.0,0.0,0.0,0.0,0.0,0.0,0.0,0.0,0.0,0.0,0.0,0.0,0.0,0.6031128295498087,-1.488277285338064,strict_d8,10.252330004733592,13.464003429947647,10,9.8712651802,3083046.52431,3083046.52431,1.00000000,0.99746997,0.99498744,width2_d1_m8,1
8,61,1,125.26600642002572,11.856208213041253,0.0,0.0,0.0,0.0,0.0,0.0,0.0,0.0,0.0,0.0,0.0,0.0,0.0,0.0,0.5860260550219536,-1.4573371137930315,strict_d8,10.285459546346653,13.426956879735853,10,9.74829205582,3101694.35212,3101694.35212,1.00000000,0.99741926,0.99488086,width2_d1_m8,1
8,61,2,125.77681261154034,11.879527615469193,0.0,0.0,0.0,0.0,0.0,0.0,0.0,0.0,0.0,0.0,0.0,0.0,0.0,0.0,1.3080807078796697,-0.9404195734977538,strict_d8,10.26850333651137,13.490551894427014,10,9.70497552163,2972227.26834,2972227.26834,1.00000000,0.99724312,0.99463555,width2_d1_m8,1
8,61,3,122.31751182684911,11.736442973473132,0.0,0.0,0.0,0.0,0.0,0.0,0.0,0.0,0.0,0.0,0.0,0.0,0.0,0.0,0.4588687421955009,-0.3341685723251863,strict_d8,11.16879100425714,12.304094942689124,10,10.0573164748,11703737.0841,11703737.0841,1.00000000,0.99948810,0.99932901,width2_d1_m8,1
8,62,1,126.08705668298816,11.857759234982726,0.0,0.0,0.0,0.0,0.0,0.0,0.0,0.0,0.0,0.0,0.0,0.0,0.0,0.0,0.8447457879737401,-1.359664798909098,strict_d8,10.257882084509117,13.457636385456336,10,9.68120570449,2937946.24394,2937946.24394,1.00000000,0.99723868,0.99454292,width2_d1_m8,1
8,62,2,128.70895824931196,11.808447977369015,0.0,0.0,0.0,0.0,0.0,0.0,0.0,0.0,0.0,0.0,0.0,0.0,0.0,0.0,0.39204125534120926,-0.44763128246626144,strict_d8,11.21346630317825,12.40342965155978,10,9.55559547155,11223942.9493,11223942.9493,1.00000000,0.99939267,0.99908782,width2_d1_m8,1
8,62,3,129.99726904583216,11.134780517176358,0.0,0.0,0.0,0.0,0.0,0.0,0.0,0.0,0.0,0.0,0.0,0.0,0.0,0.0,-0.15222134589465666,0.03352005758000522,strict_d8,10.97891636106126,11.290644673291455,8,9.47069211619,20456487.9038,20456487.9038,1.00000000,0.99984107,0.99988579,width2_d1_m8,1
8,63,1,123.36751742910604,10.534004471800031,0.0,0.0,0.0,0.0,0.0,0.0,0.0,0.0,0.0,0.0,0.0,0.0,0.0,0.0,-0.15429327093669828,0.04964068874636718,strict_d8,10.372005432320567,10.696003511279496,10,9.97918581926,21771945.1608,21771945.1608,1.00000000,0.99983038,0.99986173,width2_d1_m8,1
8,63,2,129.79420198180338,11.80403450239368,0.0,0.0,0.0,0.0,0.0,0.0,0.0,0.0,0.0,0.0,0.0,0.0,0.0,0.0,1.5691286702560696,-0.08630790289500305,strict_d8,10.232707615752018,13.375361389035342,9,9.40382833216,2663520.63428,2663520.63428,1.00000000,0.99678316,0.99373581,width2_d1_m8,1
8,63,3,126.85318263098,11.783002091302704,0.0,0.0,0.0,0.0,0.0,0.0,0.0,0.0,0.0,0.0,0.0,0.0,0.0,0.0,1.5455088548037053,-0.4159713548579964,strict_d8,10.182706384097731,13.383297798507677,10,9.62075329377,2766822.83942,2766822.83942,1.00000000,0.99699630,0.99416645,width2_d1_m8,1
8,64,1,126.84651102554193,11.993389066947493,0.0,0.0,0.0,0.0,0.0,0.0,0.0,0.0,0.0,0.0,0.0,0.0,0.0,0.0,0.47972425328479634,-0.2865793810540867,strict_d8,11.43469589251667,12.552082241378317,10,9.69862886458,12527152.6186,12527152.6186,1.00000000,0.99949379,0.99933429,width2_d1_m8,1
8,64,2,122.554714584516,11.677107720109756,0.0,0.0,0.0,0.0,0.0,0.0,0.0,0.0,0.0,0.0,0.0,0.0,0.0,0.0,1.0021073414968449,-0.3258847849823302,strict_d8,10.623975685202474,12.730239755017038,10,10.0098439917,5686797.18422,5686797.18422,1.00000000,0.99866258,0.99764791,width2_d1_m8,1
8,64,3,126.75980494018722,10.793909446508504,0.0,0.0,0.0,0.0,0.0,0.0,0.0,0.0,0.0,0.0,0.0,0.0,0.0,0.0,-0.13289134269564948,0.0956196238691002,strict_d8,10.630194287122409,10.9576246058946,8,9.71220396654,21284660.2842,21284660.2842,1.00000000,0.99983003,0.99986454,width2_d1_m8,1
8,65,1,123.17680071064898,11.587728984699913,0.0,0.0,0.0,0.0,0.0,0.0,0.0,0.0,0.0,0.0,0.0,0.0,0.0,0.0,1.249239032952354,-1.0194262982873932,strict_d8,9.975481771851685,13.199976197548141,10,9.9047475463,2731027.88208,2731027.88208,1.00000000,0.99706524,0.99425233,width2_d1_m8,1
8,65,2,123.79033288496804,12.143020031166508,0.0,0.0,0.0,0.0,0.0,0.0,0.0,0.0,0.0,0.0,0.0,0.0,0.0,0.0,0.9654228853789903,-0.5434441547709147,strict_d8,11.035470641803048,13.250569420529967,10,9.91080774003,6267299.86116,6267299.86116,1.00000000,0.99878713,0.99790424,width2_d1_m8,1
8,65,3,124.39389549688346,11.874482327793327,0.0,0.0,0.0,0.0,0.0,0.0,0.0,0.0,0.0,0.0,0.0,0.0,0.0,0.0,1.4440199829927596,-0.6664172075630646,strict_d8,10.284248133692996,13.464716521893658,10,9.81615933722,3126921.08746,3126921.08746,1.00000000,0.99741759,0.99503056,width2_d1_m8,1
8,66,1,128.80690216450057,11.867612393509198,0.0,0.0,0.0,0.0,0.0,0.0,0.0,0.0,0.0,0.0,0.0,0.0,0.0,0.0,1.5654475356138582,-0.05237561577455486,strict_d8,10.30216485789534,13.433059929123056,10,9.47872713158,2841346.40189,2841346.40189,1.00000000,0.99702679,0.99424128,width2_d1_m8,1
8,66,2,123.74421537550124,11.985416161316168,0.0,0.0,0.0,0.0,0.0,0.0,0.0,0.0,0.0,0.0,0.0,0.0,0.0,0.0,0.4635309801665306,-0.39365144386703205,strict_d8,11.377296559093159,12.593535763539178,10,9.94063538508,12109743.2535,12109743.2535,1.00000000,0.99946998,0.99929330,width2_d1_m8,1
8,66,3,123.46562628898658,11.490853701753487,0.0,0.0,0.0,0.0,0.0,0.0,0.0,0.0,0.0,0.0,0.0,0.0,0.0,0.0,1.0519079481894653,-0.23148999654573657,strict_d8,10.413802989449918,12.567904414057056,10,9.93144190822,4971804.05681,4971804.05681,1.00000000,0.99842538,0.99715315,width2_d1_m8,1
8,67,1,122.07124299052435,11.182507378000228,0.0,0.0,0.0,0.0,0.0,0.0,0.0,0.0,0.0,0.0,0.0,0.0,0.0,0.0,1.517615789670484,-0.4381259224853807,strict_d8,9.602917579450052,12.762097176550403,10,9.98863663516,2360048.71822,2360048.71822,1.00000000,0.99655706,0.99325503,width2_d1_m8,1
8,67,2,125.71814545773465,11.896566772353516,0.0,0.0,0.0,0.0,0.0,0.0,0.0,0.0,0.0,0.0,0.0,0.0,0.0,0.0,0.6473277460479094,-1.4180942402884777,strict_d8,10.338222305707681,13.454911238999351,10,9.71504193203,3116630.63188,3116630.63188,1.00000000,0.99746233,0.99498462,width2_d1_m8,1
8,67,3,125.79481616085282,10.2460162430367,0.0,0.0,0.0,0.0,0.0,0.0,0.0,0.0,0.0,0.0,0.0,0.0,0.0,0.0,-0.20125793736951889,-0.029264142553793653,strict_d8,10.042644152612723,10.449388333460673,8,9.78498592336,18650836.4857,18650836.4857,1.00000000,0.99977636,0.99970106,width2_d1_m8,1
8,68,1,124.82178592741306,10.034068383564163,0.0,0.0,0.0,0.0,0.0,0.0,0.0,0.0,0.0,0.0,0.0,0.0,0.0,0.0,-0.18560781968300327,-0.02627046934120435,strict_d8,9.846610743741449,10.221526023386877,8,9.86127778413,18639052.832,18639052.832,1.00000000,0.99978363,0.99971180,width2_d1_m8,1
8,68,2,124.44414372322655,12.12939583396256,0.0,0.0,0.0,0.0,0.0,0.0,0.0,0.0,0.0,0.0,0.0,0.0,0.0,0.0,0.9549728145489765,-0.6068791731817957,strict_d8,10.997935991772204,13.260855676152916,10,9.85659621664,5903282.43238,5903282.43238,1.00000000,0.99871512,0.99774510,width2_d1_m8,1
8,68,3,126.88400747053964,12.28246443650711,0.0,0.0,0.0,0.0,0.0,0.0,0.0,0.0,0.0,0.0,0.0,0.0,0.0,0.0,1.015373390858789,-0.33272950370530785,strict_d8,11.214525361228771,13.350403511785448,10,9.67192458695,6419465.39807,6419465.39807,1.00000000,0.99881742,0.99797357,width2_d1_m8,1
8,69,1,124.20389385417349,10.362473323759051,0.0,0.0,0.0,0.0,0.0,0.0,0.0,0.0,0.0,0.0,0.0,0.0,0.0,0.0,-0.17990912177754984,0.0002962277613042851,strict_d8,10.182564201981501,10.542382445536601,10,9.91126104748,20359715.1099,20359715.1099,1.00000000,0.99981288,0.99980138,width2_d1_m8,1
8,69,2,126.73431241463489,11.748656283025198,0.0,0.0,0.0,0.0,0.0,0.0,0.0,0.0,0.0,0.0,0.0,0.0,0.0,0.0,0.7527789721453573,-0.7933442937311871,strict_d8,10.655379126231027,12.84193343981937,10,9.67554897156,5113020.73743,5113020.73743,1.00000000,0.99843979,0.99711925,width2_d1_m8,1
8,69,3,123.8657134978675,12.201848335835175,0.0,0.0,0.0,0.0,0.0,0.0,0.0,0.0,0.0,0.0,0.0,0.0,0.0,0.0,0.5968007241281963,-0.026349041998974636,strict_d8,11.604663372019472,12.799033299650878,10,9.93234159332,12632800.1588,12632800.1588,1.00000000,0.99950193,0.99939425,width2_d1_m8,1
8,70,1,123.3994646034511,12.232248769627947,0.0,0.0,0.0,0.0,0.0,0.0,0.0,0.0,0.0,0.0,0.0,0.0,0.0,0.0,0.6108702940922315,-0.19477364420571383,strict_d8,11.591355662458804,12.87314187679709,10,9.96850614152,11978543.4997,11978543.4997,1.00000000,0.99946708,0.99932444,width2_d1_m8,1
8,70,2,123.39981416208497,11.463547568198356,0.0,0.0,0.0,0.0,0.0,0.0,0.0,0.0,0.0,0.0,0.0,0.0,0.0,0.0,1.2923900613933494,-0.8750166782151423,strict_d8,9.903660146205045,13.023434990191667,10,9.88943170174,2697429.85602,2697429.85602,1.00000000,0.99699610,0.99412732,width2_d1_m8,1
8,70,3,125.98670886215557,12.23137936403443,0.0,0.0,0.0,0.0,0.0,0.0,0.0,0.0,0.0,0.0,0.0,0.0,0.0,0.0,0.5489630521066085,-0.11874799927936379,strict_d8,11.669723374413445,12.793035353655414,10,9.76599302198,13147339.7015,13147339.7015,1.00000000,0.99952709,0.99943094,width2_d1_m8,1
8,71,1,122.70969878033318,11.486472507488017,0.0,0.0,0.0,0.0,0.0,0.0,0.0,0.0,0.0,0.0,0.0,0.0,0.0,0.0,1.5835660222574583,0.10846259436840489,strict_d8,9.899198004354748,13.073747010621286,10,9.9433598032,2714268.5895,2714268.5895,1.00000000,0.99700906,0.99420417,width2_d1_m8,1
8,71,2,125.18427423325807,11.935510114248215,0.0,0.0,0.0,0.0,0.0,0.0,0.0,0.0,0.0,0.0,0.0,0.0,0.0,0.0,0.5566248878671509,-0.13884490894775742,strict_d8,11.362177086964548,12.508843141531882,10,9.82709212277,12276330.3696,12276330.3696,1.00000000,0.99947920,0.99932263,width2_d1_m8,1
8,71,3,122.09853709156167,11.947004354976556,0.0,0.0,0.0,0.0,0.0,0.0,0.0,0.0,0.0,0.0,0.0,0.0,0.0,0.0,0.51700907145767,-0.3346334410284383,strict_d8,11.331227089373662,12.562781620579452,10,10.0745275473,11857853.4282,11857853.4282,1.00000000,0.99946778,0.99930464,width2_d1_m8,1
8,72,1,123.97187520182625,10.758855081513484,0.0,0.0,0.0,0.0,0.0,0.0,0.0,0.0,0.0,0.0,0.0,0.0,0.0,0.0,-0.15143520049183912,0.010866539688556533,strict_d8,10.607030758068463,10.910679404958506,10,9.93107293196,21709596.885,21709596.885,1.00000000,0.99983868,0.99989158,width2_d1_m8,1
8,72,2,126.45776503047881,12.284746573591566,0.0,0.0,0.0,0.0,0.0,0.0,0.0,0.0,0.0,0.0,0.0,0.0,0.0,0.0,0.4070542753796403,-0.3837823123540104,strict_d8,11.725338636702157,12.844154510480974,10,9.72971892669,13452206.3822,13452206.3822,1.00000000,0.99954107,0.99943555,width2_d1_m8,1
8,72,3,122.4972436836712,12.064333600518346,0.0,0.0,0.0,0.0,0.0,0.0,0.0,0.0,0.0,0.0,0.0,0.0,0.0,0.0,0.5658356034484674,0.00940820311840708,strict_d8,11.498497997069878,12.630169203966814,10,10.0442247531,12992660.3505,12992660.3505,1.00000000,0.99952560,0.99944168,width2_d1_m8,1
8,73,1,124.46655723964878,10.008250911459168,0.0,0.0,0.0,0.0,0.0,0.0,0.0,0.0,0.0,0.0,0.0,0.0,0.0,0.0,-0.1449158491335633,-0.04430185616225591,strict_d8,9.856737610062348,10.159764212855988,8,9.89011932895,20578438.5387,20578438.5387,1.00000000,0.99982432,0.99981081,width2_d1_m8,1
8,73,2,122.34144729015831,10.379902101464866,0.0,0.0,0.0,0.0,0.0,0.0,0.0,0.0,0.0,0.0,0.0,0.0,0.0,0.0,-0.16254837899669453,0.017964433981968956,strict_d8,10.216435466134474,10.543368736795259,10,10.0627564859,21352749.1235,21352749.1235,1.00000000,0.99982804,0.99984985,width2_d1_m8,1
8,73,3,126.45808829175533,11.705715552877532,0.0,0.0,0.0,0.0,0.0,0.0,0.0,0.0,0.0,0.0,0.0,0.0,0.0,0.0,0.5502365429133314,-0.10728083149069723,strict_d8,11.145198059523226,12.266233046231838,10,9.72722167189,11092084.6306,11092084.6306,1.00000000,0.99943745,0.99922118,width2_d1_m8,1
8,74,1,124.19630305590556,11.957346975464626,0.0,0.0,0.0,0.0,0.0,0.0,0.0,0.0,0.0,0.0,0.0,0.0,0.0,0.0,0.8611017127171221,-0.6009298206170883,strict_d8,10.907483369769613,13.007210581159638,10,9.88015844365,6164449.58112,6164449.58112,1.00000000,0.99878149,0.99787374,width2_d1_m8,1
8,74,2,125.50083551654049,11.793303134191994,0.0,0.0,0.0,0.0,0.0,0.0,0.0,0.0,0.0,0.0,0.0,0.0,0.0,0.0,1.4844306589702299,-0.7647093271207756,strict_d8,10.1236193742079,13.462986894176089,10,9.71813444925,2685033.85934,2685033.85934,1.00000000,0.99695107,0.99404500,width2_d1_m8,1
8,74,3,123.10767378798987,10.52763975326081,0.0,0.0,0.0,0.0,0.0,0.0,0.0,0.0,0.0,0.0,0.0,0.0,0.0,0.0,-0.14550058206145042,0.03734314175332154,strict_d8,10.377482452137624,10.677797054383998,10,10.0004676172,22248127.1987,22248127.1987,1.00000000,0.99983801,0.99988121,width2_d1_m8,1
