label,mode_index,sample_index,theta_deg,x_um,y_um,z_um,u_um,v_um,w_um,ur_um
apodized_d1_m10,10,0,0.0,125.0,0.0,0.0,-5.231541324980467E-10,-5.693940349788326E-18,-1.4194752041162947E-11,-5.231541324980467E-10
apodized_d1_m10,10,1,5.625,124.39809083402461,12.252142541195076,0.0,-5.236808021125755E-10,-5.987655272136381E-11,-1.4271299027033374E-11,-5.270280643844205E-10
apodized_d1_m10,10,2,11.25,122.5981600504038,24.386290252016032,0.0,-5.24666676823405E-10,-1.199338644919143E-10,-1.4496611532526162E-11,-5.379832899908405E-10
apodized_d1_m10,10,3,16.875,119.6175419665261,36.28558465680779,0.0,-5.244967232870546E-10,-1.7998146730112516E-10,-1.4855071712232456E-11,-5.541579326200492E-10
apodized_d1_m10,10,4,22.5,115.48494156391084,47.835429045636225,0.0,-5.209831652993813E-10,-2.39239644570276E-10,-1.5313719452284143E-11,-5.728787315450001E-10
apodized_d1_m10,10,5,28.125,110.24015804354438,58.92459210324971,0.0,-5.119287908474324E-10,-2.9635531291814694E-10,-1.5815133532301586E-11,-5.911818139311541E-10
apodized_d1_m10,10,6,33.75,103.93370153781815,69.44627912745027,0.0,-4.956253788087118E-10,-3.4963956588469233E-10,-1.6277677890300443E-11,-6.063467766568129E-10
apodized_d1_m10,10,7,39.375,96.62630667034212,79.29916052045569,0.0,-4.711158317155332E-10,-3.9739920075901224E-10,-1.6607196215133833E-11,-6.162848467543048E-10
apodized_d1_m10,10,8,45.0,88.38834764831844,88.38834764831843,0.0,-4.3822015813384673E-10,-4.382199202979921E-10,-1.672730884126547E-11,-6.197367227628228E-10
apodized_d1_m10,10,9,50.62499999999999,79.29916052045569,96.62630667034212,0.0,-3.973987371016666E-10,-4.71114912659955E-10,-1.6607243750059685E-11,-6.162838421736294E-10
apodized_d1_m10,10,10,56.25,69.44627912745028,103.93370153781815,0.0,-3.496388993965153E-10,-4.956238825964701E-10,-1.6277633928402767E-11,-6.063451623208085E-10
apodized_d1_m10,10,11,61.87499999999999,58.92459210324973,110.24015804354437,0.0,-2.9635441919121264E-10,-5.119275765940968E-10,-1.5815135526031057E-11,-5.911803217553567E-10
apodized_d1_m10,10,12,67.5,47.83542904563623,115.48494156391084,0.0,-2.3923936009316725E-10,-5.209829227071092E-10,-1.5313712793506756E-11,-5.728783985542888E-10
apodized_d1_m10,10,13,73.12500000000001,36.28558465680779,119.61754196652612,0.0,-1.799814340643259E-10,-5.244972557563241E-10,-1.485508543071205E-11,-5.541584325132371E-10
apodized_d1_m10,10,14,78.75,24.386290252016043,122.5981600504038,0.0,-1.1993403252644082E-10,-5.246680974909988E-10,-1.4496573482363326E-11,-5.379847161426148E-10
apodized_d1_m10,10,15,84.37499999999999,12.252142541195097,124.3980908340246,0.0,-5.987665863248134E-11,-5.236817269621354E-10,-1.4271304159914737E-11,-5.270289951616819E-10
apodized_d1_m10,10,16,90.0,7.654042494670958E-15,125.0,0.0,-1.129813731231918E-16,-5.231547576748066E-10,-1.419472027735119E-11,-5.231547576748066E-10
apodized_d1_m10,10,17,95.62500000000001,-12.25214254119508,124.39809083402461,0.0,5.98764027346309E-11,-5.236807259359298E-10,-1.4271307946034427E-11,-5.270279738733156E-10
apodized_d1_m10,10,18,101.24999999999999,-24.386290252016025,122.5981600504038,0.0,1.1993366372974936E-10,-5.246664913789807E-10,-1.4496575888076087E-11,-5.379830689429234E-10
apodized_d1_m10,10,19,106.87499999999999,-36.28558465680777,119.61754196652612,0.0,1.799811267481654E-10,-5.244958272480196E-10,-1.4855087495920128E-11,-5.541569763068481E-10
apodized_d1_m10,10,20,112.5,-47.83542904563622,115.48494156391084,0.0,2.392392367578419E-10,-5.209821560194296E-10,-1.531369673983384E-11,-5.728776430288482E-10
apodized_d1_m10,10,21,118.12500000000001,-58.924592103249715,110.24015804354438,0.0,2.963546708793295E-10,-5.119281515752481E-10,-1.581514615704688E-11,-5.911809474884176E-10
apodized_d1_m10,10,22,123.74999999999999,-69.44627912745024,103.93370153781818,0.0,3.4963987093363E-10,-4.956250862630256E-10,-1.6277626673768197E-11,-6.063467028900739E-10
apodized_d1_m10,10,23,129.375,-79.29916052045567,96.62630667034213,0.0,3.973998761789553E-10,-4.711162954951473E-10,-1.6607242913705245E-11,-6.162856337426704E-10
apodized_d1_m10,10,24,135.0,-88.38834764831843,88.38834764831844,0.0,4.382209054800356E-10,-4.382209122856668E-10,-1.6727304550725725E-11,-6.197379526575925E-10
apodized_d1_m10,10,25,140.625,-96.62630667034212,79.29916052045569,0.0,4.711156914993656E-10,-3.973994348079084E-10,-1.6607197350407694E-11,-6.162848868447895E-10
apodized_d1_m10,10,26,146.25000000000003,-103.93370153781817,69.44627912745027,0.0,4.956243410119284E-10,-3.4963914424592076E-10,-1.6277670030475137E-11,-6.06345679510373E-10
apodized_d1_m10,10,27,151.875,-110.24015804354437,58.924592103249736,0.0,5.119272781620449E-10,-2.9635407084414903E-10,-1.581513997122826E-11,-5.911798943521151E-10
apodized_d1_m10,10,28,157.5,-115.48494156391084,47.83542904563624,0.0,5.209819752601467E-10,-2.3923900701726646E-10,-1.5313689883717852E-11,-5.728773881111345E-10
apodized_d1_m10,10,29,163.125,-119.6175419665261,36.2855846568078,0.0,5.244960806230087E-10,-1.7998102681893106E-10,-1.4855099252912937E-11,-5.541571897636697E-10
apodized_d1_m10,10,30,168.74999999999997,-122.5981600504038,24.386290252016074,0.0,5.246674515873338E-10,-1.1993380314679966E-10,-1.449657496493243E-11,-5.379840379000596E-10
apodized_d1_m10,10,31,174.375,-124.3980908340246,12.252142541195104,0.0,5.236819468153552E-10,-5.987657585322947E-11,-1.4271319233115215E-11,-5.270292058424627E-10
apodized_d1_m10,10,32,180.0,-125.0,1.5308084989341916E-14,0.0,5.231555275273908E-10,7.16980627461755E-18,-1.4194742125075936E-11,-5.231555275273908E-10
apodized_d1_m10,10,33,185.62500000000003,-124.39809083402461,-12.252142541195074,0.0,5.236819745959897E-10,5.987658597470861E-11,-1.4271318930816998E-11,-5.270292344814044E-10
apodized_d1_m10,10,34,191.25000000000003,-122.5981600504038,-24.386290252016046,0.0,5.246674956642793E-10,1.199338176123038E-10,-1.4496575673984875E-11,-5.379840839521589E-10
apodized_d1_m10,10,35,196.875,-119.61754196652612,-36.285584656807764,0.0,5.244961091446704E-10,1.7998103296865557E-10,-1.4855100145501266E-11,-5.541572188423691E-10
apodized_d1_m10,10,36,202.49999999999997,-115.48494156391085,-47.83542904563621,0.0,5.209818975205307E-10,2.392390076359605E-10,-1.5313704789660345E-11,-5.728773165258584E-10
apodized_d1_m10,10,37,208.125,-110.24015804354438,-58.92459210324971,0.0,5.119271814325997E-10,2.9635450250522133E-10,-1.5815149258535502E-11,-5.911800125279814E-10
apodized_d1_m10,10,38,213.74999999999997,-103.93370153781818,-69.44627912745024,0.0,4.956243087960304E-10,3.496391279523849E-10,-1.627767028627926E-11,-6.063456436716293E-10
apodized_d1_m10,10,39,219.37499999999997,-96.62630667034213,-79.29916052045566,0.0,4.711156731715248E-10,3.973994022843912E-10,-1.6607197872208437E-11,-6.162848520444761E-10
apodized_d1_m10,10,40,225.0,-88.38834764831846,-88.38834764831843,0.0,4.382208438760567E-10,4.3822097291445725E-10,-1.6727307608816702E-11,-6.197379519680301E-10
apodized_d1_m10,10,41,230.62499999999997,-79.29916052045574,-96.62630667034209,0.0,3.9739986702567243E-10,4.711162954526702E-10,-1.660724361409561E-11,-6.162856279030541E-10
apodized_d1_m10,10,42,236.25000000000003,-69.44627912745027,-103.93370153781815,0.0,3.496398741403885E-10,4.956251143412295E-10,-1.6277631344631887E-11,-6.063467280178268E-10
apodized_d1_m10,10,43,241.875,-58.924592103249736,-110.24015804354437,0.0,2.9635489891062017E-10,5.119280064916586E-10,-1.5815135640643125E-11,-5.911809270293213E-10
apodized_d1_m10,10,44,247.49999999999997,-47.83542904563629,-115.48494156391081,0.0,2.3923933638906303E-10,5.209823000768498E-10,-1.5313713861111533E-11,-5.728778142477679E-10
apodized_d1_m10,10,45,253.12500000000003,-36.285584656807806,-119.6175419665261,0.0,1.7998112395639648E-10,5.244958343300077E-10,-1.4855087057189282E-11,-5.541569822734805E-10
apodized_d1_m10,10,46,258.75,-24.38629025201608,-122.59816005040379,0.0,1.1993369699203324E-10,5.246665343578454E-10,-1.449657634797757E-11,-5.379831175851111E-10
apodized_d1_m10,10,47,264.375,-12.252142541195056,-124.39809083402461,0.0,5.987638714933754E-11,5.23680714990765E-10,-1.4271304554049579E-11,-5.270279614532288E-10
apodized_d1_m10,10,48,270.0,-2.2962127484012872E-14,-125.0,0.0,-1.12947456810566E-16,5.231547607266567E-10,-1.4194720525456268E-11,-5.231547607266567E-10
apodized_d1_m10,10,49,275.62499999999994,12.252142541195012,-124.39809083402461,0.0,-5.987667018802566E-11,5.236817414474597E-10,-1.4271304488201556E-11,-5.270290107098968E-10
apodized_d1_m10,10,50,281.25,24.38629025201604,-122.5981600504038,0.0,-1.1993403733374183E-10,5.246680965961406E-10,-1.4496573428685214E-11,-5.379847162028091E-10
apodized_d1_m10,10,51,286.875,36.28558465680776,-119.61754196652612,0.0,-1.7998142826385105E-10,5.244972386434316E-10,-1.485508496673624E-11,-5.54158414453431E-10
apodized_d1_m10,10,52,292.50000000000006,47.83542904563625,-115.48494156391082,0.0,-2.39239265513608E-10,5.209827976785691E-10,-1.531369330494573E-11,-5.728782468489492E-10
apodized_d1_m10,10,53,298.125,58.9245921032497,-110.24015804354438,0.0,-2.9635417688413985E-10,5.119277174177181E-10,-1.5815146392742572E-11,-5.911803317279394E-10
apodized_d1_m10,10,54,303.75,69.44627912745023,-103.93370153781818,0.0,-3.4963891934931377E-10,4.956238278153449E-10,-1.6277632758405793E-11,-6.063451278571484E-10
apodized_d1_m10,10,55,309.375,79.2991605204557,-96.6263066703421,0.0,-3.9739876239375843E-10,4.711148771143775E-10,-1.6607241607980395E-11,-6.162838307416596E-10
apodized_d1_m10,10,56,315.0,88.38834764831842,-88.38834764831846,0.0,-4.382201966140415E-10,4.382199235608992E-10,-1.6727314649008126E-11,-6.197367522796533E-10
apodized_d1_m10,10,57,320.625,96.62630667034209,-79.29916052045574,0.0,-4.711158457356876E-10,3.9739922415968547E-10,-1.660718773530218E-11,-6.162848724372608E-10
apodized_d1_m10,10,58,326.25,103.93370153781815,-69.44627912745027,0.0,-4.956253953901099E-10,3.496395810771768E-10,-1.62776746004589E-11,-6.063467988842335E-10
apodized_d1_m10,10,59,331.875,110.24015804354435,-58.924592103249736,0.0,-5.119289145756083E-10,2.9635484999944916E-10,-1.5815120268374508E-11,-5.911817048312999E-10
apodized_d1_m10,10,60,337.49999999999994,115.48494156391081,-47.835429045636296,0.0,-5.209832475088687E-10,2.3923962809543794E-10,-1.5313704351989348E-11,-5.728788011920154E-10
apodized_d1_m10,10,61,343.12499999999994,119.6175419665261,-36.28558465680781,0.0,-5.244967104589582E-10,1.7998145197374634E-10,-1.4855071617979297E-11,-5.541579158950231E-10
apodized_d1_m10,10,62,348.75,122.59816005040379,-24.38629025201609,0.0,-5.246666214143616E-10,1.1993383956928528E-10,-1.4496610902575225E-11,-5.379832307843027E-10
apodized_d1_m10,10,63,354.375,124.39809083402461,-12.252142541195063,0.0,-5.236807786063572E-10,5.987654488137444E-11,-1.4271299360156922E-11,-5.270280402229377E-10
apodized_d2_m10,10,0,0.0,125.88,0.0,0.0,-5.295438818798707E-10,7.25745296963258E-18,-1.4271069869229458E-11,-5.295438818798707E-10
apodized_d2_m10,10,1,5.625,125.27385339349614,12.338397624685088,0.0,-5.301511912780226E-10,-6.062658889601121E-11,-1.434620662621166E-11,-5.335408132584815E-10
apodized_d2_m10,10,2,11.25,123.46125109715864,24.557969735390223,0.0,-5.312948625724458E-10,-1.214405652238761E-10,-1.456745051392207E-11,-5.447780597402586E-10
apodized_d2_m10,10,3,16.875,120.45964946197044,36.541035172791716,0.0,-5.311532158791249E-10,-1.8220342441320496E-10,-1.4918841450116546E-11,-5.611727989790572E-10
apodized_d2_m10,10,4,22.5,116.29795555252078,48.1721904661175,0.0,-5.273278284489066E-10,-2.42027435694959E-10,-1.5369937977988295E-11,-5.798072774458358E-10
apodized_d2_m10,10,5,28.125,111.01624875617092,59.33942123165658,0.0,-5.175874075886074E-10,-2.9946690233030344E-10,-1.5862650282939777E-11,-5.976390614572268E-10
apodized_d2_m10,10,6,33.75,104.66539479664439,69.93518093250752,0.0,-5.003816050639437E-10,-3.5284029785166563E-10,-1.631744399518103E-11,-6.120796656619983E-10
apodized_d2_m10,10,7,39.375,97.30655586930133,79.8574266105197,0.0,-4.750406863447418E-10,-4.00614021611442E-10,-1.6641372574985626E-11,-6.21358261169183E-10
apodized_d2_m10,10,8,45.0,89.01060161576261,89.0106016157626,0.0,-4.416180418533792E-10,-4.416173355010533E-10,-1.6759366935070385E-11,-6.245417247111784E-10
apodized_d2_m10,10,9,50.62499999999999,79.8574266105197,97.30655586930133,0.0,-4.0061114493053224E-10,-4.750356828254581E-10,-1.6641356483080377E-11,-6.213525684494233E-10
apodized_d2_m10,10,10,56.25,69.93518093250754,104.66539479664439,0.0,-3.52835788310473E-10,-5.003741426922134E-10,-1.631745634970617E-11,-6.120709555598177E-10
apodized_d2_m10,10,11,61.87499999999999,59.3394212316566,111.01624875617091,0.0,-2.9946320950079417E-10,-5.175813495232189E-10,-1.5862659715147352E-11,-5.976319779327595E-10
apodized_d2_m10,10,12,67.5,48.172190466117506,116.29795555252078,0.0,-2.4202528575524907E-10,-5.273256472238821E-10,-1.5369987730520393E-11,-5.798044395103723E-10
apodized_d2_m10,10,13,73.12500000000001,36.541035172791716,120.45964946197046,0.0,-1.822036778883059E-10,-5.311571432560457E-10,-1.4918805076966474E-11,-5.611766308243842E-10
apodized_d2_m10,10,14,78.75,24.557969735390234,123.46125109715864,0.0,-1.2144166245743317E-10,-5.313018473765429E-10,-1.4567389527780877E-11,-5.447851243929515E-10
apodized_d2_m10,10,15,84.37499999999999,12.33839762468511,125.27385339349613,0.0,-6.062747453774699E-11,-5.301569206534337E-10,-1.4346370470260281E-11,-5.335466018534541E-10
apodized_d2_m10,10,16,90.0,7.707926953833442E-15,125.88,0.0,-5.179940828858832E-16,-5.295488220320389E-10,-1.4270972235582326E-11,-5.295488220320389E-10
apodized_d2_m10,10,17,95.62500000000001,-12.338397624685093,125.27385339349614,0.0,6.062620705271916E-11,-5.301522515239163E-10,-1.4346378103137398E-11,-5.335418309718139E-10
apodized_d2_m10,10,18,101.24999999999999,-24.557969735390216,123.46125109715864,0.0,1.2144004368630886E-10,-5.312947443453134E-10,-1.4567399592013612E-11,-5.447778420378955E-10
apodized_d2_m10,10,19,106.87499999999999,-36.541035172791695,120.45964946197046,0.0,1.8220236962216694E-10,-5.311510844077883E-10,-1.491881740144721E-11,-5.611704530984848E-10
apodized_d2_m10,10,20,112.5,-48.17219046611749,116.29795555252078,0.0,2.420254165758485E-10,-5.273233717271112E-10,-1.5369994807962868E-11,-5.798023872883552E-10
apodized_d2_m10,10,21,118.12500000000001,-59.33942123165659,111.01624875617092,0.0,2.9946560591842005E-10,-5.175838997155753E-10,-1.5862657291161756E-11,-5.976353566650758E-10
apodized_d2_m10,10,22,123.74999999999999,-69.93518093250749,104.66539479664442,0.0,3.528402140100966E-10,-5.00380064566347E-10,-1.6317445956159024E-11,-6.120783382051788E-10
apodized_d2_m10,10,23,129.375,-79.85742661051968,97.30655586930135,0.0,4.006159271233001E-10,-4.750419624442596E-10,-1.664135277476847E-11,-6.213604564513754E-10
apodized_d2_m10,10,24,135.0,-89.0106016157626,89.01060161576261,0.0,4.416205331068327E-10,-4.4162119398412876E-10,-1.675936178719814E-11,-6.245462146529368E-10
apodized_d2_m10,10,25,140.625,-97.30655586930133,79.8574266105197,0.0,4.7503904436109E-10,-4.006142627627039E-10,-1.6641383757006532E-11,-6.213571448833969E-10
apodized_d2_m10,10,26,146.25000000000003,-104.6653947966444,69.93518093250752,0.0,5.003761184390511E-10,-3.5283757698380617E-10,-1.631746103314734E-11,-6.120735920669353E-10
apodized_d2_m10,10,27,151.875,-111.01624875617091,59.33942123165661,0.0,5.175804998742709E-10,-2.9946333067611594E-10,-1.5862640991161365E-11,-5.976312857309364E-10
apodized_d2_m10,10,28,157.5,-116.29795555252078,48.17219046611751,0.0,5.273224003290897E-10,-2.420244920054064E-10,-1.536999206280269E-11,-5.798011360158151E-10
apodized_d2_m10,10,29,163.125,-120.45964946197044,36.54103517279172,0.0,5.311530015431856E-10,-1.822023615739722E-10,-1.491879957649871E-11,-5.611722853464078E-10
apodized_d2_m10,10,30,168.74999999999997,-123.46125109715864,24.55796973539027,0.0,5.312988621687076E-10,-1.2144072645983768E-10,-1.456739304331784E-11,-5.447820139409755E-10
apodized_d2_m10,10,31,174.375,-125.27385339349613,12.338397624685117,0.0,5.301562754684238E-10,-6.062671156270976E-11,-1.4346361141108531E-11,-5.335458849905552E-10
apodized_d2_m10,10,32,180.0,-125.88,1.5415853907666883E-14,0.0,5.295509864835628E-10,-1.4491653201909332E-17,-1.4270957810207412E-11,-5.295509864835628E-10
apodized_d2_m10,10,33,185.62500000000003,-125.27385339349614,-12.338397624685086,0.0,5.301562693556743E-10,6.06267091009533E-11,-1.4346361042966293E-11,-5.335458786659459E-10
apodized_d2_m10,10,34,191.25000000000003,-123.46125109715864,-24.557969735390238,0.0,5.312988568318944E-10,1.2144072116890477E-10,-1.456739318378039E-11,-5.447820076744978E-10
apodized_d2_m10,10,35,196.875,-120.45964946197046,-36.54103517279169,0.0,5.311529594912306E-10,1.8220232549853296E-10,-1.4918801014354515E-11,-5.611722346330487E-10
apodized_d2_m10,10,36,202.49999999999997,-116.29795555252079,-48.172190466117485,0.0,5.273224280516121E-10,2.420244979943771E-10,-1.536999459228507E-11,-5.798011639199661E-10
apodized_d2_m10,10,37,208.125,-111.01624875617092,-59.33942123165658,0.0,5.17580498861849E-10,2.9946332232632173E-10,-1.586263964255562E-11,-5.976312809019942E-10
apodized_d2_m10,10,38,213.74999999999997,-104.66539479664442,-69.93518093250749,0.0,5.00376114702843E-10,3.5283756134158545E-10,-1.631746306477764E-11,-6.120735802700396E-10
apodized_d2_m10,10,39,219.37499999999997,-97.30655586930135,-79.85742661051967,0.0,4.750391080213306E-10,4.006142336598693E-10,-1.66413765473061E-11,-6.213571756307855E-10
apodized_d2_m10,10,40,225.0,-89.01060161576262,-89.0106016157626,0.0,4.416205637951685E-10,4.416211883674971E-10,-1.6759352858315794E-11,-6.245462323813089E-10
apodized_d2_m10,10,41,230.62499999999997,-79.85742661051975,-97.30655586930129,0.0,4.006159085057938E-10,4.75041983714124E-10,-1.664135410154372E-11,-6.21360461082382E-10
apodized_d2_m10,10,42,236.25000000000003,-69.93518093250752,-104.66539479664439,0.0,3.528402340957108E-10,5.003800903180177E-10,-1.631744034364496E-11,-6.120783707758798E-10
apodized_d2_m10,10,43,241.875,-59.33942123165661,-111.01624875617091,0.0,2.9946558883910407E-10,5.175839384965852E-10,-1.5862648017290725E-11,-5.976353828157393E-10
apodized_d2_m10,10,44,247.49999999999997,-48.17219046611757,-116.29795555252075,0.0,2.4202537102266737E-10,5.27323368847741E-10,-1.536998871370042E-11,-5.798023671957166E-10
apodized_d2_m10,10,45,253.12500000000003,-36.54103517279173,-120.45964946197044,0.0,1.8220234704261047E-10,5.311509786005696E-10,-1.4918813521830316E-11,-5.611703452927901E-10
apodized_d2_m10,10,46,258.75,-24.557969735390277,-123.46125109715862,0.0,1.214400458558821E-10,5.312947094971614E-10,-1.4567399434103192E-11,-5.447778082826037E-10
apodized_d2_m10,10,47,264.375,-12.338397624685069,-125.27385339349614,0.0,6.062621516456424E-11,5.301522255879535E-10,-1.4346376509043997E-11,-5.335418059558396E-10
apodized_d2_m10,10,48,270.0,-2.312378086150032E-14,-125.88,0.0,-5.229933121083673E-16,5.295488092423816E-10,-1.4270971803811323E-11,-5.295488092423816E-10
apodized_d2_m10,10,49,275.62499999999994,12.338397624685024,-125.27385339349614,0.0,-6.062747520984546E-11,5.30156934201842E-10,-1.4346370397152755E-11,-5.335466154025004E-10
apodized_d2_m10,10,50,281.25,24.55796973539023,-123.46125109715864,0.0,-1.2144164585783842E-10,5.313018611936811E-10,-1.456738780995256E-11,-5.44785134706177E-10
apodized_d2_m10,10,51,286.875,36.54103517279168,-120.45964946197046,0.0,-1.8220371620336858E-10,5.311572590006629E-10,-1.4918809066647308E-11,-5.611767527073527E-10
apodized_d2_m10,10,52,292.50000000000006,48.17219046611753,-116.29795555252076,0.0,-2.4202533014184635E-10,5.273256472682723E-10,-1.5369994914948664E-11,-5.798044565373988E-10
apodized_d2_m10,10,53,298.125,59.33942123165657,-111.01624875617092,0.0,-2.994631794629668E-10,5.175814059461825E-10,-1.5862653274054776E-11,-5.976320135336371E-10
apodized_d2_m10,10,54,303.75,69.93518093250748,-104.66539479664442,0.0,-3.5283577074431177E-10,5.003741567065447E-10,-1.631745845158178E-11,-6.12070957453072E-10
apodized_d2_m10,10,55,309.375,79.85742661051971,-97.30655586930132,0.0,-4.0061117196693677E-10,4.750356431734403E-10,-1.6641355529921747E-11,-6.213525549497124E-10
apodized_d2_m10,10,56,315.0,89.01060161576258,-89.01060161576262,0.0,-4.416181065870817E-10,4.4161726010651245E-10,-1.6759362374333803E-11,-6.245417171728274E-10
apodized_d2_m10,10,57,320.625,97.30655586930129,-79.85742661051975,0.0,-4.750406774419091E-10,4.0061401348900517E-10,-1.6641370911237585E-11,-6.213582491343808E-10
apodized_d2_m10,10,58,326.25,104.66539479664439,-69.93518093250752,0.0,-5.003816293533472E-10,3.5284024923001455E-10,-1.6317446478952206E-11,-6.120796588451572E-10
apodized_d2_m10,10,59,331.875,111.0162487561709,-59.339421231656615,0.0,-5.175874166129498E-10,2.9946689972978413E-10,-1.5862652010407315E-11,-5.976390681901099E-10
apodized_d2_m10,10,60,337.49999999999994,116.29795555252075,-48.17219046611758,0.0,-5.273278161749877E-10,2.420274259469224E-10,-1.536993467478003E-11,-5.798072623758013E-10
apodized_d2_m10,10,61,343.12499999999994,120.45964946197044,-36.54103517279174,0.0,-5.31153285317957E-10,1.8220346400672602E-10,-1.491883797534135E-11,-5.61172876921269E-10
apodized_d2_m10,10,62,348.75,123.46125109715862,-24.557969735390284,0.0,-5.312949039015826E-10,1.2144058010226697E-10,-1.4567450421387814E-11,-5.447781031778977E-10
apodized_d2_m10,10,63,354.375,125.27385339349614,-12.338397624685076,0.0,-5.301512089752282E-10,6.062659121646362E-11,-1.4346205286087444E-11,-5.335408310979142E-10
apodized_d3_m10,10,0,0.0,122.9077,0.0,0.0,-5.218784944082361E-10,8.565187971657976E-18,-1.430589801203539E-11,-5.218784944082361E-10
apodized_d3_m10,10,1,5.625,122.31586583040838,12.047061278483536,0.0,-5.211938115452736E-10,-5.922398049111508E-11,-1.436605378662265E-11,-5.244890860925964E-10
apodized_d3_m10,10,2,11.25,120.54606300821614,23.978102771261685,0.0,-5.188892428675115E-10,-1.180509944511662E-10,-1.4542365824351024E-11,-5.319495380858344E-10
apodized_d3_m10,10,3,16.875,117.61533570207361,35.67822202658828,0.0,-5.142532279974715E-10,-1.7595507354706634E-10,-1.482031505759151E-11,-5.431867183871678E-10
apodized_d3_m10,10,4,22.5,113.55190841803748,47.03474050009875,0.0,-5.062354254727283E-10,-2.3218715435012599E-10,-1.5173436832590258E-11,-5.565547254041856E-10
apodized_d3_m10,10,5,28.125,108.39491418214833,57.938288710788676,0.0,-4.936488975716349E-10,-2.857589602624852E-10,-1.5555156988187785E-11,-5.700653012770733E-10
apodized_d3_m10,10,6,33.75,102.19401766799754,68.28385952890336,0.0,-4.753657659304942E-10,-3.354953362705988E-10,-1.590415649342084E-11,-5.816434112489768E-10
apodized_d3_m10,10,7,39.375,95.00893689877127,77.97181945200009,0.0,-4.505317099462372E-10,-3.8017797127314344E-10,-1.615097803503257E-11,-5.894480731224715E-10
apodized_d3_m10,10,8,45.0,86.90886813004184,86.90886813004182,0.0,-4.187508416109148E-10,-4.1875061182585867E-10,-1.6240611883385226E-11,-5.922029569787322E-10
apodized_d3_m10,10,9,50.62499999999999,77.97181945200009,95.00893689877127,0.0,-3.8017718659469053E-10,-4.5053104591229677E-10,-1.615098172927689E-11,-5.894470620225534E-10
apodized_d3_m10,10,10,56.25,68.28385952890338,102.19401766799754,0.0,-3.354944145399373E-10,-4.753641315876641E-10,-1.5904167349755182E-11,-5.816415402564592E-10
apodized_d3_m10,10,11,61.87499999999999,57.93828871078869,108.39491418214831,0.0,-2.857581527580227E-10,-4.936473721858479E-10,-1.555516639356926E-11,-5.700635753519429E-10
apodized_d3_m10,10,12,67.5,47.034740500098756,113.55190841803748,0.0,-2.3218645361390687E-10,-5.062342305403232E-10,-1.517347566797231E-11,-5.565533532704525E-10
apodized_d3_m10,10,13,73.12500000000001,35.67822202658828,117.61533570207362,0.0,-1.759548042091097E-10,-5.142536784476445E-10,-1.482026942377207E-11,-5.431870712564259E-10
apodized_d3_m10,10,14,78.75,23.978102771261696,120.54606300821614,0.0,-1.180511159161316E-10,-5.188902609044988E-10,-1.4542324108371591E-11,-5.319505602581657E-10
apodized_d3_m10,10,15,84.37499999999999,12.047061278483557,122.31586583040837,0.0,-5.922391202905555E-11,-5.211943815409264E-10,-1.4366172845954544E-11,-5.24489646633109E-10
apodized_d3_m10,10,16,90.0,7.525926069778157E-15,122.9077,0.0,1.6546900693062272E-16,-5.218803628443246E-10,-1.4305829666421335E-11,-5.218803628443246E-10
apodized_d3_m10,10,17,95.62500000000001,-12.047061278483541,122.31586583040838,0.0,5.922429802684435E-11,-5.211957860832001E-10,-1.4366170248980938E-11,-5.244910822465273E-10
apodized_d3_m10,10,18,101.24999999999999,-23.978102771261682,120.54606300821614,0.0,1.1805162861844704E-10,-5.188925289089296E-10,-1.4542319947352086E-11,-5.319528847067871E-10
apodized_d3_m10,10,19,106.87499999999999,-35.67822202658826,117.61533570207362,0.0,1.7595546223373793E-10,-5.142558348654866E-10,-1.482028422287867E-11,-5.431893258341064E-10
apodized_d3_m10,10,20,112.5,-47.03474050009874,113.55190841803748,0.0,2.3218671244785874E-10,-5.062357871315164E-10,-1.517347343692908E-11,-5.565548904246613E-10
apodized_d3_m10,10,21,118.12500000000001,-57.93828871078868,108.39491418214833,0.0,2.857576780787239E-10,-4.936474981953157E-10,-1.5555146378623707E-11,-5.700634627200996E-10
apodized_d3_m10,10,22,123.74999999999999,-68.28385952890333,102.19401766799757,0.0,3.354932400345736E-10,-4.753630013073428E-10,-1.5904173318691312E-11,-5.816399479425E-10
apodized_d3_m10,10,23,129.375,-77.97181945200008,95.00893689877128,0.0,3.8017579196746386E-10,-4.505288038114415E-10,-1.6150982818424597E-11,-5.894444441130083E-10
apodized_d3_m10,10,24,135.0,-86.90886813004182,86.90886813004184,0.0,4.1874918452665227E-10,-4.1874877621494117E-10,-1.624062238893158E-11,-5.922004872702857E-10
apodized_d3_m10,10,25,140.625,-95.00893689877127,77.97181945200009,0.0,4.505311929319892E-10,-3.801765483507273E-10,-1.6150988651737778E-11,-5.894467707726286E-10
apodized_d3_m10,10,26,146.25000000000003,-102.19401766799756,68.28385952890336,0.0,4.753660564537119E-10,-3.3549508133596703E-10,-1.5904165751001842E-11,-5.816435111761112E-10
apodized_d3_m10,10,27,151.875,-108.39491418214831,57.9382887107887,0.0,4.936504598645323E-10,-2.857595207250469E-10,-1.5555145456527266E-11,-5.700669432966234E-10
apodized_d3_m10,10,28,157.5,-113.55190841803748,47.03474050009876,0.0,5.062374877233675E-10,-2.3218788991569604E-10,-1.5173480190734792E-11,-5.565569121640994E-10
apodized_d3_m10,10,29,163.125,-117.61533570207361,35.67822202658829,0.0,5.142557732823934E-10,-1.7595581266461046E-10,-1.482026742032894E-11,-5.431893686274733E-10
apodized_d3_m10,10,30,168.74999999999997,-120.54606300821614,23.97810277126173,0.0,5.188903289255799E-10,-1.180516547404687E-10,-1.45423245598055E-11,-5.319507320916542E-10
apodized_d3_m10,10,31,174.375,-122.31586583040837,12.047061278483564,0.0,5.211924847553953E-10,-5.922415538618309E-11,-1.4366175282250233E-11,-5.244877828342884E-10
apodized_d3_m10,10,32,180.0,-122.9077,1.5051852139556314E-14,0.0,5.218770774379021E-10,-2.4633983474433515E-18,-1.4305838931920787E-11,-5.218770774379021E-10
apodized_d3_m10,10,33,185.62500000000003,-122.31586583040838,-12.047061278483534,0.0,5.211924868810506E-10,5.922415634305294E-11,-1.4366177128216704E-11,-5.244877850434978E-10
apodized_d3_m10,10,34,191.25000000000003,-120.54606300821614,-23.9781027712617,0.0,5.18890394225216E-10,1.1805166787684992E-10,-1.4542323636141184E-11,-5.31950798699357E-10
apodized_d3_m10,10,35,196.875,-117.61533570207362,-35.67822202658825,0.0,5.142556468400615E-10,1.7595597908034112E-10,-1.4820283248936754E-11,-5.431892959376424E-10
apodized_d3_m10,10,36,202.49999999999997,-113.5519084180375,-47.034740500098735,0.0,5.062374430956232E-10,2.321879425556147E-10,-1.5173476506294206E-11,-5.565568910778645E-10
apodized_d3_m10,10,37,208.125,-108.39491418214833,-57.938288710788676,0.0,4.936504687862915E-10,2.8575953474992484E-10,-1.555515217486897E-11,-5.700669577761942E-10
apodized_d3_m10,10,38,213.74999999999997,-102.19401766799757,-68.28385952890333,0.0,4.753660412873574E-10,3.3549509114310004E-10,-1.590416714565677E-11,-5.816435040142996E-10
apodized_d3_m10,10,39,219.37499999999997,-95.00893689877128,-77.97181945200006,0.0,4.5053086242620304E-10,3.8017682882261E-10,-1.6150972165649712E-11,-5.894466932176796E-10
apodized_d3_m10,10,40,225.0,-86.90886813004185,-86.90886813004182,0.0,4.1874918250581043E-10,4.18748786623853E-10,-1.6240619839059927E-11,-5.922004932015469E-10
apodized_d3_m10,10,41,230.62499999999997,-77.97181945200015,-95.00893689877124,0.0,3.8017545951237337E-10,4.5052922595757675E-10,-1.615099147840744E-11,-5.89444559529107E-10
apodized_d3_m10,10,42,236.25000000000003,-68.28385952890336,-102.19401766799754,0.0,3.354932233585011E-10,4.753630232525437E-10,-1.5904171279240444E-11,-5.816399569245382E-10
apodized_d3_m10,10,43,241.875,-57.9382887107887,-108.39491418214831,0.0,2.8575770885941103E-10,4.936474564917302E-10,-1.555515455161748E-11,-5.700634404507361E-10
apodized_d3_m10,10,44,247.49999999999997,-47.03474050009881,-113.55190841803746,0.0,2.321866653712148E-10,5.062357060807736E-10,-1.5173475541195873E-11,-5.565547975280873E-10
apodized_d3_m10,10,45,253.12500000000003,-35.678222026588294,-117.61533570207361,0.0,1.7595531468356833E-10,5.14255959454035E-10,-1.4820265892631723E-11,-5.431894022263604E-10
apodized_d3_m10,10,46,258.75,-23.97810277126174,-120.54606300821612,0.0,1.1805162808694077E-10,5.188925355982E-10,-1.4542319936691921E-11,-5.319528911638334E-10
apodized_d3_m10,10,47,264.375,-12.047061278483518,-122.31586583040838,0.0,5.922430575158034E-11,5.211957925322099E-10,-1.4366170021577076E-11,-5.244910894216398E-10
apodized_d3_m10,10,48,270.0,-2.257777820933447E-14,-122.9077,0.0,1.610664350604686E-16,5.218803586126309E-10,-1.430583026280061E-11,-5.218803586126309E-10
apodized_d3_m10,10,49,275.62499999999994,12.047061278483474,-122.31586583040838,0.0,-5.922389827918721E-11,5.211943872541579E-10,-1.4366173115414411E-11,-5.244896509711069E-10
apodized_d3_m10,10,50,281.25,23.978102771261693,-120.54606300821614,0.0,-1.1805111094834686E-10,5.188902531833118E-10,-1.4542323906619629E-11,-5.319505517161723E-10
apodized_d3_m10,10,51,286.875,35.678222026588244,-117.61533570207362,0.0,-1.7595492875438523E-10,5.142535540399722E-10,-1.4820286660904062E-11,-5.431869883592913E-10
apodized_d3_m10,10,52,292.50000000000006,47.03474050009878,-113.55190841803747,0.0,-2.3218649347585952E-10,5.062343465539524E-10,-1.517347410233458E-11,-5.565534757075788E-10
apodized_d3_m10,10,53,298.125,57.93828871078867,-108.39491418214833,0.0,-2.8575810966393116E-10,4.936473712416415E-10,-1.5555148675813575E-11,-5.70063554204813E-10
apodized_d3_m10,10,54,303.75,68.28385952890332,-102.19401766799757,0.0,-3.354944371597358E-10,4.753641369933526E-10,-1.5904166900376296E-11,-5.816415573180116E-10
apodized_d3_m10,10,55,309.375,77.9718194520001,-95.00893689877125,0.0,-3.801774892305535E-10,4.5053065750129896E-10,-1.615097761145984E-11,-5.894469537669509E-10
apodized_d3_m10,10,56,315.0,86.90886813004181,-86.90886813004185,0.0,-4.1875085050549637E-10,4.1875059617892106E-10,-1.6240611590388334E-11,-5.922029522040953E-10
apodized_d3_m10,10,57,320.625,95.00893689877124,-77.97181945200015,0.0,-4.505321211858348E-10,3.801776597735518E-10,-1.615098294449105E-11,-5.894481934017303E-10
apodized_d3_m10,10,58,326.25,102.19401766799754,-68.28385952890336,0.0,-4.753657633124309E-10,3.35495305208653E-10,-1.5904156921897743E-11,-5.816433918150443E-10
apodized_d3_m10,10,59,331.875,108.3949141821483,-57.938288710788704,0.0,-4.936489006949236E-10,2.857590033109214E-10,-1.555518024648636E-11,-5.700653243244604E-10
apodized_d3_m10,10,60,337.49999999999994,113.55190841803746,-47.03474050009882,0.0,-5.06235341323924E-10,2.3218711364668896E-10,-1.5173440213052286E-11,-5.565546320842968E-10
apodized_d3_m10,10,61,343.12499999999994,117.61533570207361,-35.6782220265883,0.0,-5.142533514142711E-10,1.7595494051259944E-10,-1.482029800065287E-11,-5.431867978718143E-10
apodized_d3_m10,10,62,348.75,120.54606300821612,-23.978102771261746,0.0,-5.188892516076248E-10,1.1805099787831017E-10,-1.4542365716856259E-11,-5.319495473266115E-10
apodized_d3_m10,10,63,354.375,122.31586583040838,-12.047061278483524,0.0,-5.211938238375313E-10,5.922397276114498E-11,-1.4366053097160718E-11,-5.244890975679939E-10
width2_d1_m8,8,0,0.0,125.0,0.0,0.0,-6.100903065131727E-10,3.499778092735587E-16,-1.60535149657686E-11,-6.100903065131727E-10
width2_d1_m8,8,1,5.625,124.39809083402461,12.252142541195076,0.0,-6.049330280743773E-10,-6.724201784408418E-11,-1.6045909468772225E-11,-6.0861098049825E-10
width2_d1_m8,8,2,11.25,122.5981600504038,24.386290252016032,0.0,-5.902629838716255E-10,-1.31828854797241E-10,-1.6023798527928815E-11,-6.046397798815909E-10
width2_d1_m8,8,3,16.875,119.6175419665261,36.28558465680779,0.0,-5.681854712192425E-10,-1.9177292612362416E-10,-1.598914097285714E-11,-5.993883375526452E-10
width2_d1_m8,8,4,22.5,115.48494156391084,47.835429045636225,0.0,-5.412197904923521E-10,-2.4609033130684424E-10,-1.5945475148347278E-11,-5.94196579682296E-10
width2_d1_m8,8,5,28.125,110.24015804354438,58.92459210324971,0.0,-5.115363883336808E-10,-2.94763750891691E-10,-1.5898513149921322E-11,-5.900854886643653E-10
width2_d1_m8,8,6,33.75,103.93370153781815,69.44627912745027,0.0,-4.80360395380884E-10,-3.383829056133543E-10,-1.585683374148189E-11,-5.874005414343022E-10
width2_d1_m8,8,7,39.375,96.62630667034212,79.29916052045569,0.0,-4.4800726808909287E-10,-3.7784374592298436E-10,-1.5828028934389037E-11,-5.86015836292127E-10
width2_d1_m8,8,8,45.0,88.38834764831844,88.38834764831843,0.0,-4.140788282067486E-10,-4.140789354579606E-10,-1.581801710760485E-11,-5.855959705796021E-10
width2_d1_m8,8,9,50.62499999999999,79.29916052045569,96.62630667034212,0.0,-3.77842262301551E-10,-4.480060266740423E-10,-1.5828026190706157E-11,-5.860139354658424E-10
width2_d1_m8,8,10,56.25,69.44627912745028,103.93370153781815,0.0,-3.383813648552102E-10,-4.803576423578765E-10,-1.5856949661639658E-11,-5.873973963799685E-10
width2_d1_m8,8,11,61.87499999999999,58.92459210324973,110.24015804354437,0.0,-2.9476271508049943E-10,-5.115353309433965E-10,-1.589869995290132E-11,-5.900840678513732E-10
width2_d1_m8,8,12,67.5,47.83542904563623,115.48494156391084,0.0,-2.4609064743858723E-10,-5.412183583324414E-10,-1.5945540862421842E-11,-5.941953775174478E-10
width2_d1_m8,8,13,73.12500000000001,36.28558465680779,119.61754196652612,0.0,-1.9177433150563116E-10,-5.681826952433137E-10,-1.598952899267222E-11,-5.993860890701704E-10
width2_d1_m8,8,14,78.75,24.386290252016043,122.5981600504038,0.0,-1.3183080036162692E-10,-5.902641265518715E-10,-1.6023948941960887E-11,-6.04641280166339E-10
width2_d1_m8,8,15,84.37499999999999,12.252142541195097,124.3980908340246,0.0,-6.724364150974548E-11,-6.049383779855468E-10,-1.6046224768617405E-11,-6.086164637951998E-10
width2_d1_m8,8,16,90.0,7.654042494670958E-15,125.0,0.0,-5.360572305075054E-16,-6.10090299107992E-10,-1.6053705777416385E-11,-6.10090299107992E-10
width2_d1_m8,8,17,95.62500000000001,-12.25214254119508,124.39809083402461,0.0,6.724254035066344E-11,-6.049336795244945E-10,-1.6046286864378838E-11,-6.086116800260575E-10
width2_d1_m8,8,18,101.24999999999999,-24.386290252016025,122.5981600504038,0.0,1.3182808694119225E-10,-5.902583254567609E-10,-1.6024218921995633E-11,-6.046350611755778E-10
width2_d1_m8,8,19,106.87499999999999,-36.28558465680777,119.61754196652612,0.0,1.917721166421283E-10,-5.681774951210761E-10,-1.5989578695024977E-11,-5.993804699225133E-10
width2_d1_m8,8,20,112.5,-47.83542904563622,115.48494156391084,0.0,2.460902810150774E-10,-5.412154611289477E-10,-1.5945549448784776E-11,-5.94192560626232E-10
width2_d1_m8,8,21,118.12500000000001,-58.924592103249715,110.24015804354438,0.0,2.947641600214528E-10,-5.115364212785793E-10,-1.5898691678120804E-11,-5.900857105816065E-10
width2_d1_m8,8,22,123.74999999999999,-69.44627912745024,103.93370153781818,0.0,3.3838478958856477E-10,-4.803617728514602E-10,-1.5857069056026864E-11,-5.87402733439775E-10
width2_d1_m8,8,23,129.375,-79.29916052045567,96.62630667034213,0.0,3.778469040647633E-10,-4.480111493092136E-10,-1.5828256834073282E-11,-5.860208400197872E-10
width2_d1_m8,8,24,135.0,-88.38834764831843,88.38834764831844,0.0,4.140824178072348E-10,-4.1408331897158597E-10,-1.5817991140600073E-11,-5.856016084226575E-10
width2_d1_m8,8,25,140.625,-96.62630667034212,79.29916052045569,0.0,4.480077630879504E-10,-3.7784547860955925E-10,-1.5828063242032765E-11,-5.86017318136145E-10
width2_d1_m8,8,26,146.25000000000003,-103.93370153781817,69.44627912745027,0.0,4.803574569090235E-10,-3.3838221335095467E-10,-1.585684497886119E-11,-5.87397713583861E-10
width2_d1_m8,8,27,151.875,-110.24015804354437,58.924592103249736,0.0,5.115336014988058E-10,-2.947600066547586E-10,-1.5898520863191407E-11,-5.900812658743569E-10
width2_d1_m8,8,28,157.5,-115.48494156391084,47.83542904563624,0.0,5.412142268221471E-10,-2.460874688582838E-10,-1.5945514864585128E-11,-5.941903441096279E-10
width2_d1_m8,8,29,163.125,-119.6175419665261,36.2855846568078,0.0,5.681797428608326E-10,-1.9177054896414428E-10,-1.5989160553644774E-11,-5.99382165802453E-10
width2_d1_m8,8,30,168.74999999999997,-122.5981600504038,24.386290252016074,0.0,5.90263368653258E-10,-1.3182777540441826E-10,-1.602381200733267E-11,-6.046399466906589E-10
width2_d1_m8,8,31,174.375,-124.3980908340246,12.252142541195104,0.0,6.049412516581855E-10,-6.724179878782355E-11,-1.6045887800176458E-11,-6.086191430119861E-10
width2_d1_m8,8,32,180.0,-125.0,1.5308084989341916E-14,0.0,6.100957029315483E-10,-3.756797783033414E-16,-1.605348886934483E-11,-6.100957029315483E-10
width2_d1_m8,8,33,185.62500000000003,-124.39809083402461,-12.252142541195074,0.0,6.049408059628986E-10,6.724207210274759E-11,-1.6045914275249346E-11,-6.086187262523912E-10
width2_d1_m8,8,34,191.25000000000003,-122.5981600504038,-24.386290252016046,0.0,5.902630982756511E-10,1.318278684598348E-10,-1.6023813560004255E-11,-6.046396996624929E-10
width2_d1_m8,8,35,196.875,-119.61754196652612,-36.285584656807764,0.0,5.681795839586843E-10,1.9177040671026428E-10,-1.598915119463688E-11,-5.993819724484561E-10
width2_d1_m8,8,36,202.49999999999997,-115.48494156391085,-47.83542904563621,0.0,5.412139574089991E-10,2.4608758395255817E-10,-1.5945489425128753E-11,-5.941901392490067E-10
width2_d1_m8,8,37,208.125,-110.24015804354438,-58.92459210324971,0.0,5.115317064712498E-10,2.9476171986927096E-10,-1.5898510797532082E-11,-5.900804022129895E-10
width2_d1_m8,8,38,213.74999999999997,-103.93370153781818,-69.44627912745024,0.0,4.803575696150955E-10,3.3838219846354805E-10,-1.5856838515904494E-11,-5.87397799024535E-10
width2_d1_m8,8,39,219.37499999999997,-96.62630667034213,-79.29916052045566,0.0,4.4800795453432686E-10,3.778454933109255E-10,-1.5828064177084036E-11,-5.860174754526432E-10
width2_d1_m8,8,40,225.0,-88.38834764831846,-88.38834764831843,0.0,4.140824596154757E-10,4.1408343808050325E-10,-1.581803323592308E-11,-5.856017222082713E-10
width2_d1_m8,8,41,230.62499999999997,-79.29916052045574,-96.62630667034209,0.0,3.778467905337267E-10,4.4801159299955986E-10,-1.5828046927798612E-11,-5.860211109737357E-10
width2_d1_m8,8,42,236.25000000000003,-69.44627912745027,-103.93370153781815,0.0,3.3838487101886814E-10,4.803617138561319E-10,-1.5856949609627798E-11,-5.874027296272048E-10
width2_d1_m8,8,43,241.875,-58.924592103249736,-110.24015804354437,0.0,2.947641774684858E-10,5.115363710343095E-10,-1.5898685580239542E-11,-5.900856744945909E-10
width2_d1_m8,8,44,247.49999999999997,-47.83542904563629,-115.48494156391081,0.0,2.460901052900089E-10,5.412155979773233E-10,-1.5945563164610103E-11,-5.941926198105729E-10
width2_d1_m8,8,45,253.12500000000003,-36.285584656807806,-119.6175419665261,0.0,1.9177299718805188E-10,5.681764310927484E-10,-1.5989513355340103E-11,-5.993797073198774E-10
width2_d1_m8,8,46,258.75,-24.38629025201608,-122.59816005040379,0.0,1.3182918025228723E-10,5.902573830432115E-10,-1.6023963457808703E-11,-6.046343501646542E-10
width2_d1_m8,8,47,264.375,-12.252142541195056,-124.39809083402461,0.0,6.724235404272745E-11,6.049340279731472E-10,-1.60462340637697E-11,-6.086120085354636E-10
width2_d1_m8,8,48,270.0,-2.2962127484012872E-14,-125.0,0.0,-5.271286097691136E-16,6.100903368169446E-10,-1.6053710697810148E-11,-6.100903368169446E-10
width2_d1_m8,8,49,275.62499999999994,12.252142541195012,-124.39809083402461,0.0,-6.724371630639221E-11,6.049382042179938E-10,-1.604624621181153E-11,-6.086162981957386E-10
width2_d1_m8,8,50,281.25,24.38629025201604,-122.5981600504038,0.0,-1.3182991449445193E-10,5.902647787137709E-10,-1.6024316310611913E-11,-6.046417469730179E-10
width2_d1_m8,8,51,286.875,36.28558465680776,-119.61754196652612,0.0,-1.917737447931404E-10,5.681833281441036E-10,-1.5989573491562238E-11,-5.993865244048187E-10
width2_d1_m8,8,52,292.50000000000006,47.83542904563625,-115.48494156391082,0.0,-2.460905938804078E-10,5.41218378556906E-10,-1.5945552303434685E-11,-5.941953757065888E-10
width2_d1_m8,8,53,298.125,58.9245921032497,-110.24015804354438,0.0,-2.947625602762526E-10,5.115354156497155E-10,-1.5898686528210836E-11,-5.900840695814603E-10
width2_d1_m8,8,54,303.75,69.44627912745023,-103.93370153781818,0.0,-3.383812240585719E-10,4.803575157330552E-10,-1.5857070155126317E-11,-5.873972128728562E-10
width2_d1_m8,8,55,309.375,79.2991605204557,-96.6263066703421,0.0,-3.778422476503946E-10,4.480058617170972E-10,-1.5828313320634577E-11,-5.860137986578042E-10
width2_d1_m8,8,56,315.0,88.38834764831842,-88.38834764831846,0.0,-4.140788912885134E-10,4.1407882423116935E-10,-1.581795305825601E-11,-5.855959365359274E-10
width2_d1_m8,8,57,320.625,96.62630667034209,-79.29916052045574,0.0,-4.4800727846770796E-10,3.7784371912712E-10,-1.5828042065085378E-11,-5.860158273157886E-10
width2_d1_m8,8,58,326.25,103.93370153781815,-69.44627912745027,0.0,-4.803601827990641E-10,3.383829971546591E-10,-1.585684605125903E-11,-5.87400415536603E-10
width2_d1_m8,8,59,331.875,110.24015804354435,-58.924592103249736,0.0,-5.115382917298534E-10,2.947621026696978E-10,-1.5898459711242274E-11,-5.900863903434551E-10
width2_d1_m8,8,60,337.49999999999994,115.48494156391081,-47.835429045636296,0.0,-5.412202500585844E-10,2.460900306409901E-10,-1.5945484404181228E-11,-5.94196889206291E-10
width2_d1_m8,8,61,343.12499999999994,119.6175419665261,-36.28558465680781,0.0,-5.681854702679466E-10,1.917731114126293E-10,-1.5989158876912708E-11,-5.99388390428871E-10
width2_d1_m8,8,62,348.75,122.59816005040379,-24.38629025201609,0.0,-5.902630924596807E-10,1.318288286304614E-10,-1.6023788114377513E-11,-6.046398812782715E-10
width2_d1_m8,8,63,354.375,124.39809083402461,-12.252142541195063,0.0,-6.049332627463746E-10,6.724176802375911E-11,-1.6045872102353772E-11,-6.086111895535637E-10
width2_d2_m8,8,0,0.0,125.0,0.0,0.0,-5.687777626641545E-10,8.498130458396254E-17,-1.495251947533564E-11,-5.687777626641545E-10
width2_d2_m8,8,1,5.625,124.39809083402461,12.252142541195076,0.0,-5.642685774652372E-10,-6.266383163186779E-11,-1.4954702306179625E-11,-5.676935996131003E-10
width2_d2_m8,8,2,11.25,122.5981600504038,24.386290252016032,0.0,-5.514464340063912E-10,-1.2303778484456987E-10,-1.496123866259302E-11,-5.648540264697981E-10
width2_d2_m8,8,3,16.875,119.6175419665261,36.28558465680779,0.0,-5.321661164489607E-10,-1.7942416803706169E-10,-1.4973263978125375E-11,-5.61335308850263E-10
width2_d2_m8,8,4,22.5,115.48494156391084,47.835429045636225,0.0,-5.086662966283596E-10,-2.3102553505422768E-10,-1.4991879128430085E-11,-5.583560250517897E-10
width2_d2_m8,8,5,28.125,110.24015804354438,58.92459210324971,0.0,-4.828823748813499E-10,-2.7792593287604816E-10,-1.502173766419163E-11,-5.568776124239868E-10
width2_d2_m8,8,6,33.75,103.93370153781815,69.44627912745027,0.0,-4.5588550898471786E-10,-3.2076723630655195E-10,-1.506761242031973E-11,-5.572636756297567E-10
width2_d2_m8,8,7,39.375,96.62630667034212,79.29916052045569,0.0,-4.2786530159401136E-10,-3.604593470342779E-10,-1.5135094419561633E-11,-5.594173397359297E-10
width2_d2_m8,8,8,45.0,88.38834764831844,88.38834764831843,0.0,-3.9827865248619005E-10,-3.978996160587089E-10,-1.5227324590263986E-11,-5.629830527214622E-10
width2_d2_m8,8,9,50.62499999999999,79.29916052045569,96.62630667034212,0.0,-3.662036709701698E-10,-4.3388860603043675E-10,-1.5343067458094218E-11,-5.67717577556063E-10
width2_d2_m8,8,10,56.25,69.44627912745028,103.93370153781815,0.0,-3.3050542815406575E-10,-4.68966418158198E-10,-1.547856793356189E-11,-5.73550303622708E-10
width2_d2_m8,8,11,61.87499999999999,58.92459210324973,110.24015804354437,0.0,-2.9004599711544756E-10,-5.032654920493171E-10,-1.5625200675744877E-11,-5.805672756206955E-10
width2_d2_m8,8,12,67.5,47.83542904563623,115.48494156391084,0.0,-2.4378505397334544E-10,-5.361752438745992E-10,-1.577256938707412E-11,-5.886538348688183E-10
width2_d2_m8,8,13,73.12500000000001,36.28558465680779,119.61754196652612,0.0,-1.9106929889950659E-10,-5.662029022289232E-10,-1.5909817102542483E-11,-5.972868851157765E-10
width2_d2_m8,8,14,78.75,24.386290252016043,122.5981600504038,0.0,-1.319535505096775E-10,-5.909697369008052E-10,-1.6028235845224857E-11,-6.053572797761841E-10
width2_d2_m8,8,15,84.37499999999999,12.252142541195097,124.3980908340246,0.0,-6.752385746071146E-11,-6.07835039389083E-10,-1.6122028092470785E-11,-6.115266429485284E-10
width2_d2_m8,8,16,90.0,7.654042494670958E-15,125.0,0.0,7.532791927019585E-14,-6.146543318629444E-10,-1.6186490817600418E-11,-6.146543318629444E-10
width2_d2_m8,8,17,95.62500000000001,-12.25214254119508,124.39809083402461,0.0,6.80194517301016E-11,-6.106856998179823E-10,-1.6219682268927917E-11,-6.144121534013472E-10
width2_d2_m8,8,18,101.24999999999999,-24.386290252016025,122.5981600504038,0.0,1.3349175843229978E-10,-5.967803178233786E-10,-1.6221361393546732E-11,-6.113563014945879E-10
width2_d2_m8,8,19,106.87499999999999,-36.28558465680777,119.61754196652612,0.0,1.943578822414306E-10,-5.750809774246806E-10,-1.6193926584956492E-11,-6.067372987282951E-10
width2_d2_m8,8,20,112.5,-47.83542904563622,115.48494156391084,0.0,2.4947553893196185E-10,-5.480795626627477E-10,-1.614230885903163E-11,-6.018296456614635E-10
width2_d2_m8,8,21,118.12500000000001,-58.924592103249715,110.24015804354438,0.0,2.9865266705151714E-10,-5.178822669263507E-10,-1.6075109846811904E-11,-5.975152763237458E-10
width2_d2_m8,8,22,123.74999999999999,-69.44627912745024,103.93370153781818,0.0,3.423085031311735E-10,-4.856876650469353E-10,-1.6002960129543168E-11,-5.94010949405881E-10
width2_d2_m8,8,23,129.375,-79.29916052045567,96.62630667034213,0.0,3.8121955183592625E-10,-4.518920788999358E-10,-1.5935821380647008E-11,-5.911604242580554E-10
width2_d2_m8,8,24,135.0,-88.38834764831843,88.38834764831844,0.0,4.163043052368896E-10,-4.162793078687527E-10,-1.5881937612080913E-11,-5.887255187317966E-10
width2_d2_m8,8,25,140.625,-96.62630667034212,79.29916052045569,0.0,4.485980338431191E-10,-3.783772666504159E-10,-1.5845593129520542E-11,-5.868109663619227E-10
width2_d2_m8,8,26,146.25000000000003,-103.93370153781817,69.44627912745027,0.0,4.79067474406514E-10,-3.375310746417446E-10,-1.5827661055387092E-11,-5.858522650016146E-10
width2_d2_m8,8,27,151.875,-110.24015804354437,58.924592103249736,0.0,5.0839898960715E-10,-2.929971271187409E-10,-1.5824759747858784E-11,-5.864857693309304E-10
width2_d2_m8,8,28,157.5,-115.48494156391084,47.83542904563624,0.0,5.365237883127007E-10,-2.4395354985575745E-10,-1.5831357691848497E-11,-5.890403285239718E-10
width2_d2_m8,8,29,163.125,-119.6175419665261,36.2855846568078,0.0,5.623667382728991E-10,-1.8975917667648427E-10,-1.5840711144569927E-11,-5.93235596685101E-10
width2_d2_m8,8,30,168.74999999999997,-122.5981600504038,24.386290252016074,0.0,5.837701901286843E-10,-1.3030653642890127E-10,-1.5849043467227113E-11,-5.979747537691295E-10
width2_d2_m8,8,31,174.375,-124.3980908340246,12.252142541195104,0.0,5.98117646944846E-10,-6.643222699915807E-11,-1.585458712332736E-11,-6.017490439088059E-10
width2_d2_m8,8,32,180.0,-125.0,1.5308084989341916E-14,0.0,6.031784207398014E-10,-3.9607722877324495E-16,-1.585645126815197E-11,-6.031784207398014E-10
width2_d2_m8,8,33,185.62500000000003,-124.39809083402461,-12.252142541195074,0.0,5.981171669218264E-10,6.643248182222942E-11,-1.5854595738221873E-11,-6.017485911742571E-10
width2_d2_m8,8,34,191.25000000000003,-122.5981600504038,-24.386290252016046,0.0,5.837698929419745E-10,1.303064195196661E-10,-1.584904547255599E-11,-5.979744394849186E-10
width2_d2_m8,8,35,196.875,-119.61754196652612,-36.285584656807764,0.0,5.623664829735863E-10,1.897589700444444E-10,-1.5840711459597123E-11,-5.932352923967759E-10
width2_d2_m8,8,36,202.49999999999997,-115.48494156391085,-47.83542904563621,0.0,5.365234009516295E-10,2.439537893710814E-10,-1.583131731143917E-11,-5.890400623075527E-10
width2_d2_m8,8,37,208.125,-110.24015804354438,-58.92459210324971,0.0,5.083974341277606E-10,2.929985747078834E-10,-1.5824762834762036E-11,-5.864850799093787E-10
width2_d2_m8,8,38,213.74999999999997,-103.93370153781818,-69.44627912745024,0.0,4.790674416717819E-10,3.3753125299461184E-10,-1.582769714292898E-11,-5.858523368712235E-10
width2_d2_m8,8,39,219.37499999999997,-96.62630667034213,-79.29916052045566,0.0,4.4859821397039644E-10,3.7837740498830476E-10,-1.584563092073998E-11,-5.868111933628186E-10
width2_d2_m8,8,40,225.0,-88.38834764831846,-88.38834764831843,0.0,4.163043168288512E-10,4.1627933793080303E-10,-1.5881909958944575E-11,-5.887255481856309E-10
width2_d2_m8,8,41,230.62499999999997,-79.29916052045574,-96.62630667034209,0.0,3.8121972247387465E-10,4.5189236787086873E-10,-1.5935560764451417E-11,-5.911607558871758E-10
width2_d2_m8,8,42,236.25000000000003,-69.44627912745027,-103.93370153781815,0.0,3.4230847369665236E-10,4.856876941941962E-10,-1.600283939091829E-11,-5.94010957287999E-10
width2_d2_m8,8,43,241.875,-58.924592103249736,-110.24015804354437,0.0,2.9865258855803705E-10,5.178821377033961E-10,-1.6075093183091367E-11,-5.975151253577039E-10
width2_d2_m8,8,44,247.49999999999997,-47.83542904563629,-115.48494156391081,0.0,2.494755705671574E-10,5.480792558442434E-10,-1.614229749003528E-11,-6.018293743043925E-10
width2_d2_m8,8,45,253.12500000000003,-36.285584656807806,-119.6175419665261,0.0,1.9435826476775722E-10,5.750802843849221E-10,-1.6193968991233386E-11,-6.067367465721273E-10
width2_d2_m8,8,46,258.75,-24.38629025201608,-122.59816005040379,0.0,1.3349278421609975E-10,5.967792771172642E-10,-1.622124016289574E-11,-6.113554809058415E-10
width2_d2_m8,8,47,264.375,-12.252142541195056,-124.39809083402461,0.0,6.801922254437935E-11,6.106860804437971E-10,-1.6219634598709494E-11,-6.144125097302154E-10
width2_d2_m8,8,48,270.0,-2.2962127484012872E-14,-125.0,0.0,7.532762641538641E-14,6.146545484134788E-10,-1.6186491919290103E-11,-6.146545484134788E-10
width2_d2_m8,8,49,275.62499999999994,12.252142541195012,-124.39809083402461,0.0,-6.752383489140759E-11,6.078351266347506E-10,-1.6122032731971034E-11,-6.115267275619056E-10
width2_d2_m8,8,50,281.25,24.38629025201604,-122.5981600504038,0.0,-1.3195388239271167E-10,5.909694268781618E-10,-1.602835790539354E-11,-6.053570404577068E-10
width2_d2_m8,8,51,286.875,36.28558465680776,-119.61754196652612,0.0,-1.9107083881303655E-10,5.662019072041413E-10,-1.591009285851802E-11,-5.972863799497297E-10
width2_d2_m8,8,52,292.50000000000006,47.83542904563625,-115.48494156391082,0.0,-2.437849903197942E-10,5.36175156103434E-10,-1.5772558227592055E-11,-5.886537294196758E-10
width2_d2_m8,8,53,298.125,58.9245921032497,-110.24015804354438,0.0,-2.900459234927692E-10,5.032652658748001E-10,-1.5625180414716462E-11,-5.805670414470891E-10
width2_d2_m8,8,54,303.75,69.44627912745023,-103.93370153781818,0.0,-3.305054133062491E-10,4.689660439845476E-10,-1.5478613029639198E-11,-5.73549984259683E-10
width2_d2_m8,8,55,309.375,79.2991605204557,-96.6263066703421,0.0,-3.662031626080597E-10,4.3389050397749745E-10,-1.5343329382864887E-11,-5.677187221874723E-10
width2_d2_m8,8,56,315.0,88.38834764831842,-88.38834764831846,0.0,-3.9827967681321283E-10,3.978992858405047E-10,-1.522717583588251E-11,-5.629835435305146E-10
width2_d2_m8,8,57,320.625,96.62630667034209,-79.29916052045574,0.0,-4.278654112227452E-10,3.6045937293265637E-10,-1.5135050729675132E-11,-5.594174409098444E-10
width2_d2_m8,8,58,326.25,103.93370153781815,-69.44627912745027,0.0,-4.5588564507628777E-10,3.2076721292030826E-10,-1.5067601842382228E-11,-5.572637757930607E-10
width2_d2_m8,8,59,331.875,110.24015804354435,-58.924592103249736,0.0,-4.828845027915332E-10,2.7792403861816864E-10,-1.5021632791930135E-11,-5.56878596126243E-10
width2_d2_m8,8,60,337.49999999999994,115.48494156391081,-47.835429045636296,0.0,-5.086665984328369E-10,2.31025335229162E-10,-1.4992231973992327E-11,-5.58356227413027E-10
width2_d2_m8,8,61,343.12499999999994,119.6175419665261,-36.28558465680781,0.0,-5.321660789216338E-10,1.7942427467402992E-10,-1.4973277221032495E-11,-5.613353038939282E-10
width2_d2_m8,8,62,348.75,122.59816005040379,-24.38629025201609,0.0,-5.51446447062449E-10,1.2303771092873263E-10,-1.4961225755515586E-11,-5.648540248547229E-10
width2_d2_m8,8,63,354.375,124.39809083402461,-12.252142541195063,0.0,-5.642685468225736E-10,6.266388190940432E-11,-1.4954675987468862E-11,-5.676935740460498E-10
width2_d3_m8,8,0,0.0,125.5,0.0,0.0,-6.043313895324826E-10,-1.9299991700031438E-13,-1.5802852681312932E-11,-6.043313895324826E-10
width2_d3_m8,8,1,5.625,124.89568319736071,12.301151111359856,0.0,-5.995531894072959E-10,-6.672367866088614E-11,-1.5819686920664074E-11,-6.032062411003524E-10
width2_d3_m8,8,2,11.25,123.08855269060543,24.483835413024096,0.0,-5.853222270684681E-10,-1.3078591472933187E-10,-1.583759478698409E-11,-5.9959049082131E-10
width2_d3_m8,8,3,16.875,120.09601213439221,36.43072699543502,0.0,-5.641198727197161E-10,-1.9055813907995634E-10,-1.585448507681452E-11,-5.951451682946521E-10
width2_d3_m8,8,4,22.5,115.94688133016649,48.02677076181877,0.0,-5.387853619347891E-10,-2.4530170833460955E-10,-1.5868716047330533E-11,-5.916456680187459E-10
width2_d3_m8,8,5,28.125,110.68111867571857,59.160290471662705,0.0,-5.115064392724013E-10,-2.952010760990487E-10,-1.5882957180836844E-11,-5.902652296260558E-10
width2_d3_m8,8,6,33.75,104.34943634396943,69.72406424396007,0.0,-4.831401045045376E-10,-3.408403353123908E-10,-1.5900959055909424E-11,-5.910770598921833E-10
width2_d3_m8,8,7,39.375,97.0128118970235,79.61635716253751,0.0,-4.533927521765651E-10,-3.8280943898980333E-10,-1.5926133489341565E-11,-5.933290741209696E-10
width2_d3_m8,8,8,45.0,88.74190103891172,88.7419010389117,0.0,-4.212506004248026E-10,-4.2148218270524655E-10,-1.596006485126717E-11,-5.959020656794699E-10
width2_d3_m8,8,9,50.62499999999999,79.61635716253751,97.0128118970235,0.0,-3.856052986164131E-10,-4.5713412140584417E-10,-1.6000000245073217E-11,-5.979948662156775E-10
width2_d3_m8,8,10,56.25,69.72406424396009,104.34943634396943,0.0,-3.45513892247901E-10,-4.89997337706628E-10,-1.6040993893968317E-11,-5.993751300398855E-10
width2_d3_m8,8,11,61.87499999999999,59.16029047166273,110.68111867571855,0.0,-3.0036107377687824E-10,-5.202772783903035E-10,-1.6073793411686448E-11,-6.004328252176708E-10
width2_d3_m8,8,12,67.5,48.026770761818774,115.94688133016649,0.0,-2.497609323529975E-10,-5.478133875548491E-10,-1.6088203806778095E-11,-6.016929472611485E-10
width2_d3_m8,8,13,73.12500000000001,36.43072699543502,120.09601213439223,0.0,-1.9364119727997823E-10,-5.71788362467166E-10,-1.6073478998627527E-11,-6.03378420002686E-10
width2_d3_m8,8,14,78.75,24.483835413024106,123.08855269060543,0.0,-1.323986381643119E-10,-5.904556232078884E-10,-1.6023302947198706E-11,-6.049398769275854E-10
width2_d3_m8,8,15,84.37499999999999,12.301151111359877,124.8956831973607,0.0,-6.724308581470937E-11,-6.015162926105922E-10,-1.5934173492833868E-11,-6.052108022290384E-10
width2_d3_m8,8,16,90.0,7.684658664649642E-15,125.5,0.0,-2.987860073274757E-13,-6.028149163757957E-10,-1.5807393098018032E-11,-6.028149163757957E-10
width2_d3_m8,8,17,95.62500000000001,-12.30115111135986,124.89568319736071,0.0,6.564413736063877E-11,-5.933808779823741E-10,-1.5647765712948687E-11,-5.969578374908879E-10
width2_d3_m8,8,18,101.24999999999999,-24.48383541302409,123.08855269060543,0.0,1.2777435213095918E-10,-5.738721503668713E-10,-1.5461594414619397E-11,-5.877728974158078E-10
width2_d3_m8,8,19,106.87499999999999,-36.430726995435,120.09601213439223,0.0,1.8399143595285572E-10,-5.464926902634535E-10,-1.525675507167025E-11,-5.763707930990671E-10
width2_d3_m8,8,20,112.5,-48.02677076181876,115.94688133016649,0.0,2.333249279536065E-10,-5.141075888966392E-10,-1.504244229914841E-11,-5.642630631759552E-10
width2_d3_m8,8,21,118.12500000000001,-59.16029047166271,110.68111867571857,0.0,2.7594779884748257E-10,-4.793994268393821E-10,-1.4829313589654216E-11,-5.528734405570846E-10
width2_d3_m8,8,22,123.74999999999999,-69.72406424396004,104.34943634396946,0.0,3.128164853040805E-10,-4.441459587152615E-10,-1.4628234185255448E-11,-5.430853957314817E-10
width2_d3_m8,8,23,129.375,-79.6163571625375,97.01281189702351,0.0,3.452817472043644E-10,-4.091253773075936E-10,-1.445104265016852E-11,-5.353026149654821E-10
width2_d3_m8,8,24,135.0,-88.7419010389117,88.74190103891172,0.0,3.747266101193016E-10,-3.7421699442447775E-10,-1.4306763672832088E-11,-5.295831014992024E-10
width2_d3_m8,8,25,140.625,-97.0128118970235,79.61635716253751,0.0,4.0239832876299625E-10,-3.3874512900305697E-10,-1.4200972321816696E-11,-5.259557494321785E-10
width2_d3_m8,8,26,146.25000000000003,-104.34943634396944,69.72406424396007,0.0,4.292051013230877E-10,-3.016849217378614E-10,-1.4133329786671728E-11,-5.244781614637866E-10
width2_d3_m8,8,27,151.875,-110.68111867571855,59.160290471662734,0.0,4.5557220966903985E-10,-2.6189744088489953E-10,-1.4101615836930822E-11,-5.252364181695148E-10
width2_d3_m8,8,28,157.5,-115.94688133016649,48.02677076181878,0.0,4.811919116334756E-10,-2.1827400324853978E-10,-1.4100941959528391E-11,-5.280932031273678E-10
width2_d3_m8,8,29,163.125,-120.09601213439221,36.43072699543503,0.0,5.049643641244885E-10,-1.7002997411479835E-10,-1.4126899172051492E-11,-5.325778642975882E-10
width2_d3_m8,8,30,168.74999999999997,-123.08855269060543,24.483835413024142,0.0,5.250730381487174E-10,-1.1696153893199564E-10,-1.4174157041514654E-11,-5.37801971246611E-10
width2_d3_m8,8,31,174.375,-124.8956831973607,12.301151111359884,0.0,5.394827847419487E-10,-5.971095270301216E-11,-1.4241111222759882E-11,-5.427377245080747E-10
width2_d3_m8,8,32,180.0,-125.5,1.5369317329299283E-14,0.0,5.465216168705915E-10,2.479133275196045E-13,-1.4324795156696892E-11,-5.465216168705915E-10
width2_d3_m8,8,33,185.62500000000003,-124.89568319736071,-12.301151111359854,0.0,5.455383436551308E-10,6.088991485302588E-11,-1.442369635826844E-11,-5.488796827484384E-10
width2_d3_m8,8,34,191.25000000000003,-123.08855269060543,-24.48383541302411,0.0,5.37059709928497E-10,1.2015975588962928E-10,-1.4535683958646193E-11,-5.501822636653858E-10
width2_d3_m8,8,35,196.875,-120.09601213439223,-36.430726995434995,0.0,5.226108566995256E-10,1.7649179185236576E-10,-1.466005126538488E-11,-5.513402715032671E-10
width2_d3_m8,8,36,202.49999999999997,-115.9468813301665,-48.02677076181875,0.0,5.040263649302215E-10,2.2908462656404993E-10,-1.4796300611640716E-11,-5.533265336007017E-10
width2_d3_m8,8,37,208.125,-110.68111867571857,-59.160290471662705,0.0,4.828704104371513E-10,2.7789204056250665E-10,-1.494652046783743E-11,-5.56851084000225E-10
width2_d3_m8,8,38,213.74999999999997,-104.34943634396946,-69.72406424396004,0.0,4.5993211337704025E-10,3.2336861569610456E-10,-1.5113662519995344E-11,-5.62073553168609E-10
width2_d3_m8,8,39,219.37499999999997,-97.01281189702351,-79.61635716253748,0.0,4.352317913071121E-10,3.6621607401245827E-10,-1.5300054791750302E-11,-5.687637422224669E-10
width2_d3_m8,8,40,225.0,-88.74190103891173,-88.7419010389117,0.0,4.0813856682260606E-10,4.0714133206745986E-10,-1.550548913847088E-11,-5.764899450702485E-10
width2_d3_m8,8,41,230.62499999999997,-79.61635716253757,-97.01281189702345,0.0,3.776947382937189E-10,4.468008868411425E-10,-1.5726882619520755E-11,-5.849887615374255E-10
width2_d3_m8,8,42,236.25000000000003,-69.72406424396007,-104.34943634396943,0.0,3.427536171527843E-10,4.856067614946615E-10,-1.595688235039074E-11,-5.941909726613446E-10
width2_d3_m8,8,43,241.875,-59.160290471662734,-110.68111867571855,0.0,3.0217104031321843E-10,5.235569433055121E-10,-1.618368426451372E-11,-6.041784437653255E-10
width2_d3_m8,8,44,247.49999999999997,-48.02677076181884,-115.94688133016646,0.0,2.548945149320397E-10,5.59823535662051E-10,-1.639384185059802E-11,-6.147534142814989E-10
width2_d3_m8,8,45,253.12500000000003,-36.43072699543504,-120.09601213439221,0.0,2.0029683214615734E-10,5.925858692708363E-10,-1.6575077332314348E-11,-6.252124219648354E-10
width2_d3_m8,8,46,258.75,-24.48383541302415,-123.08855269060541,0.0,1.3855072221132458E-10,6.190646494161873E-10,-1.6717007308871004E-11,-6.341994007771572E-10
width2_d3_m8,8,47,264.375,-12.301151111359836,-124.89568319736071,0.0,7.101721491753705E-11,6.363030651760463E-10,-1.6812315159041932E-11,-6.401999963182916E-10
width2_d3_m8,8,48,270.0,-2.3053975993948923E-14,-125.5,0.0,2.1707410943861036E-13,6.42098219678589E-10,-1.685746142896056E-11,-6.42098219678589E-10
width2_d3_m8,8,49,275.62499999999994,12.301151111359792,-124.89568319736071,0.0,-7.064778436498345E-11,6.359919754980066E-10,-1.68519556328781E-11,-6.398541940957693E-10
width2_d3_m8,8,50,281.25,24.483835413024103,-123.08855269060543,0.0,-1.3851330071224303E-10,6.193255536650069E-10,-1.679800882848669E-11,-6.34447991251688E-10
width2_d3_m8,8,51,286.875,36.43072699543499,-120.09601213439223,0.0,-2.0115291832843562E-10,5.947149864298492E-10,-1.670175669578541E-11,-6.27498368754919E-10
width2_d3_m8,8,52,292.50000000000006,48.026770761818796,-115.94688133016648,0.0,-2.574238646401706E-10,5.648891863403944E-10,-1.6573661214914756E-11,-6.204014054900315E-10
width2_d3_m8,8,53,298.125,59.1602904716627,-110.68111867571857,0.0,-3.07131319355748E-10,5.319581626744654E-10,-1.6426313735124218E-11,-6.139259171276554E-10
width2_d3_m8,8,54,303.75,69.72406424396003,-104.34943634396946,0.0,-3.506459051925192E-10,4.970184548917981E-10,-1.6274813817538377E-11,-6.080641692512707E-10
width2_d3_m8,8,55,309.375,79.61635716253753,-97.01281189702348,0.0,-3.887121061537299E-10,4.604324358661122E-10,-1.6132844666151547E-11,-6.025154356088051E-10
width2_d3_m8,8,56,315.0,88.74190103891169,-88.74190103891173,0.0,-4.2231411668900354E-10,4.220966839890877E-10,-1.601131348577597E-11,-5.970886032666405E-10
width2_d3_m8,8,57,320.625,97.01281189702345,-79.61635716253757,0.0,-4.527160100038349E-10,3.8176216258834573E-10,-1.59159819688418E-11,-5.921415602314701E-10
width2_d3_m8,8,58,326.25,104.34943634396943,-69.72406424396007,0.0,-4.812414752965151E-10,3.3901559932706554E-10,-1.5848946865120917E-11,-5.884846384041162E-10
width2_d3_m8,8,59,331.875,110.68111867571854,-59.16029047166274,0.0,-5.089827841225549E-10,2.932571934520341E-10,-1.580756236756119E-11,-5.871232245489486E-10
width2_d3_m8,8,60,337.49999999999994,115.94688133016646,-48.026770761818845,0.0,-5.361868733137431E-10,2.4363836726256666E-10,-1.5786732811046127E-11,-5.88608444495655E-10
width2_d3_m8,8,61,343.12499999999994,120.09601213439221,-36.430726995435045,0.0,-5.618694805988669E-10,1.8934000799914888E-10,-1.5779361542326476E-11,-5.926380725153518E-10
width2_d3_m8,8,62,348.75,123.08855269060541,-24.483835413024153,0.0,-5.836981745722313E-10,1.299965575522743E-10,-1.578083397866712E-11,-5.978436480925409E-10
width2_d3_m8,8,63,354.375,124.89568319736071,-12.301151111359843,0.0,-5.987088071761944E-10,6.623199360478475E-11,-1.5789263186563943E-11,-6.023177312373447E-10
width2_d4_m10,10,0,0.0,124.5,0.0,0.0,-5.22913031904929E-10,2.4567003271391003E-13,-1.3800444611509772E-11,-5.22913031904929E-10
width2_d4_m10,10,1,5.625,123.90049847068852,12.203133971030296,0.0,-5.173866811777965E-10,-5.720116589671183E-11,-1.3764458278085284E-11,-5.20502017596473E-10
width2_d4_m10,10,2,11.25,122.10776741020219,24.288745091007968,0.0,-5.03623671483526E-10,-1.1210188854834383E-10,-1.370570185454091E-11,-5.15816677389187E-10
width2_d4_m10,10,3,16.875,119.13907179866,36.14044231818056,0.0,-4.834079321278357E-10,-1.6269808303251919E-10,-1.3630852038632357E-11,-5.098213093890385E-10
width2_d4_m10,10,4,22.5,115.0230017976552,47.644087329453676,0.0,-4.5885529645413263E-10,-2.0809384431032766E-10,-1.354702550420373E-11,-5.035610833730947E-10
width2_d4_m10,10,5,28.125,109.7991974113702,58.688893734836704,0.0,-4.318741506612544E-10,-2.482610226430099E-10,-1.3463838092539784E-11,-4.979084329455454E-10
width2_d4_m10,10,6,33.75,103.51796673166689,69.16849401094048,0.0,-4.0372340588677856E-10,-2.8381064444386445E-10,-1.3392373439397146E-11,-4.933604896372641E-10
width2_d4_m10,10,7,39.375,96.23980144366075,78.98196387837386,0.0,-3.749834268502929E-10,-3.157567067796596E-10,-1.3343753920857422E-11,-4.901800430037031E-10
width2_d4_m10,10,8,45.0,88.03479425772517,88.03479425772515,0.0,-3.456128394147785E-10,-3.4529072599209745E-10,-1.3326035521526986E-11,-4.885425962451653E-10
width2_d4_m10,10,9,50.62499999999999,78.98196387837386,96.23980144366075,0.0,-3.1515171839311083E-10,-3.7364018619280816E-10,-1.3344476525499852E-11,-4.88757903364662E-10
width2_d4_m10,10,10,56.25,69.16849401094049,103.51796673166689,0.0,-2.827881545118225E-10,-4.018422212755422E-10,-1.3401084645895295E-11,-4.912282768280852E-10
width2_d4_m10,10,11,61.87499999999999,58.688893734836725,109.79919741137019,0.0,-2.4748547828588094E-10,-4.3051317784514766E-10,-1.3492406984107366E-11,-4.963425729996064E-10
width2_d4_m10,10,12,67.5,47.64408732945368,115.0230017976552,0.0,-2.080807289217292E-10,-4.594781991531123E-10,-1.3613304972690427E-11,-5.041315513855025E-10
width2_d4_m10,10,13,73.12500000000001,36.14044231818056,119.13907179866001,0.0,-1.6357770326720875E-10,-4.875827429690609E-10,-1.3759023796560699E-11,-5.140716945529924E-10
width2_d4_m10,10,14,78.75,24.28874509100798,122.10776741020219,0.0,-1.1350194273908257E-10,-5.126831707363912E-10,-1.3925942034550282E-11,-5.249752379271325E-10
width2_d4_m10,10,15,84.37499999999999,12.203133971030315,123.9004984706885,0.0,-5.827243883980947E-11,-5.321849133168087E-10,-1.4111399587441521E-11,-5.353339953133624E-10
width2_d4_m10,10,16,90.0,7.623426324692274E-15,124.5,0.0,6.825859568832657E-13,-5.437915853438206E-10,-1.4312804785656655E-11,-5.437915853438206E-10
width2_d4_m10,10,17,95.62500000000001,-12.2031339710303,123.90049847068852,0.0,6.121030633093075E-11,-5.464282148319951E-10,-1.4526814463988815E-11,-5.497966728088098E-10
width2_d4_m10,10,18,101.24999999999999,-24.28874509100796,122.10776741020219,0.0,1.2104030380004713E-10,-5.405706589831974E-10,-1.4748721437745023E-11,-5.537975371938755E-10
width2_d4_m10,10,19,106.87499999999999,-36.14044231818054,119.13907179866001,0.0,1.7844679322025976E-10,-5.280538162138358E-10,-1.497365564252027E-11,-5.57116365949379E-10
width2_d4_m10,10,20,112.5,-47.64408732945367,115.0230017976552,0.0,2.3258295281446657E-10,-5.111532860654682E-10,-1.5195822147235194E-11,-5.612497016644205E-10
width2_d4_m10,10,21,118.12500000000001,-58.68889373483671,109.7991974113702,0.0,2.8342348755639895E-10,-4.916932919307327E-10,-1.5413455929997456E-11,-5.672396768650868E-10
width2_d4_m10,10,22,123.74999999999999,-69.16849401094045,103.5179667316669,0.0,3.313187600787824E-10,-4.703694421941122E-10,-1.562601613500015E-11,-5.751687384808377E-10
width2_d4_m10,10,23,129.375,-78.98196387837385,96.23980144366077,0.0,3.7660318216935144E-10,-4.467844783480983E-10,-1.5832599045764397E-11,-5.842836017261919E-10
width2_d4_m10,10,24,135.0,-88.03479425772515,88.03479425772517,0.0,4.1932768253652013E-10,-4.1977373234415687E-10,-1.6029410919797454E-11,-5.933343005653533E-10
width2_d4_m10,10,25,140.625,-96.23980144366075,78.98196387837386,0.0,4.59332895751403E-10,-3.8802956698874886E-10,-1.6209871819872305E-11,-6.012324813438005E-10
width2_d4_m10,10,26,146.25000000000003,-103.5179667316669,69.16849401094048,0.0,4.96317681152433E-10,-3.5044824663150225E-10,-1.6364296741141502E-11,-6.073716839690865E-10
width2_d4_m10,10,27,151.875,-109.79919741137019,58.68889373483673,0.0,5.299475546977016E-10,-3.0638265502187295E-10,-1.647978336615512E-11,-6.117998012747122E-10
width2_d4_m10,10,28,157.5,-115.0230017976552,47.64408732945369,0.0,5.596205304989517E-10,-2.55602542515592E-10,-1.6544202964274436E-11,-6.148368123922003E-10
width2_d4_m10,10,29,163.125,-119.13907179866,36.14044231818057,0.0,5.842690908361242E-10,-1.9837886307465878E-10,-1.6545619655280627E-11,-6.166970041844076E-10
width2_d4_m10,10,30,168.74999999999997,-122.10776741020219,24.28874509100801,0.0,6.021382304169108E-10,-1.3556876635606755E-10,-1.647824416463651E-11,-6.170164674446894E-10
width2_d4_m10,10,31,174.375,-123.9004984706885,12.203133971030322,0.0,6.111506740148162E-10,-6.885521611631717E-11,-1.6340632596016297E-11,-6.149568078554591E-10
width2_d4_m10,10,32,180.0,-124.5,1.5246852649384548E-14,0.0,6.095086986841032E-10,-7.604291341648263E-13,-1.613837883354497E-11,-6.095086986841032E-10
width2_d4_m10,10,33,185.62500000000003,-123.90049847068852,-12.203133971030294,0.0,5.966231457342746E-10,6.565665340451379E-11,-1.588052268298559E-11,-6.0018571962419E-10
width2_d4_m10,10,34,191.25000000000003,-122.10776741020219,-24.288745091007982,0.0,5.734430076503089E-10,1.2744444932671962E-10,-1.5580007960665143E-11,-5.872876397118979E-10
width2_d4_m10,10,35,196.875,-119.13907179866001,-36.14044231818053,0.0,5.423299382910524E-10,1.8244343047171786E-10,-1.5250641379204525E-11,-5.719379255575474E-10
width2_d4_m10,10,36,202.49999999999997,-115.02300179765521,-47.64408732945366,0.0,5.06210639656917E-10,2.29660375464531E-10,-1.4907194513152294E-11,-5.555648698794939E-10
width2_d4_m10,10,37,208.125,-109.7991974113702,-58.688893734836704,0.0,4.678218172210768E-10,2.692691020910755E-10,-1.4563789523959535E-11,-5.395145845871565E-10
width2_d4_m10,10,38,213.74999999999997,-103.5179667316669,-69.16849401094045,0.0,4.290740469562551E-10,3.022680922427006E-10,-1.42354935625251E-11,-5.246931859134693E-10
width2_d4_m10,10,39,219.37499999999997,-96.23980144366077,-78.98196387837383,0.0,3.9096497990799525E-10,3.3013250511665756E-10,-1.3935197427648836E-11,-5.116538604977606E-10
width2_d4_m10,10,40,225.0,-88.03479425772518,-88.03479425772515,0.0,3.536518835417708E-10,3.544504277962722E-10,-1.3673070103959389E-11,-5.007039461209981E-10
width2_d4_m10,10,41,230.62499999999997,-78.98196387837392,-96.23980144366071,0.0,3.1672403328651506E-10,3.767300859586982E-10,-1.3452940933123119E-11,-4.921438941925042E-10
width2_d4_m10,10,42,236.25000000000003,-69.16849401094048,-103.51796673166689,0.0,2.79348162070418E-10,3.981334383931316E-10,-1.3276461897787464E-11,-4.862333791604761E-10
width2_d4_m10,10,43,241.875,-58.68889373483673,-109.79919741137019,0.0,2.4047330244458177E-10,4.1928941550376094E-10,-1.313891951432579E-11,-4.831385815151066E-10
width2_d4_m10,10,44,247.49999999999997,-47.64408732945375,-115.02300179765517,0.0,1.9899586166126449E-10,4.4000873479198255E-10,-1.3034938080789961E-11,-4.826674835674809E-10
width2_d4_m10,10,45,253.12500000000003,-36.140442318180575,-119.13907179866,0.0,1.5406772888953072E-10,4.5923824673323346E-10,-1.295929758937969E-11,-4.841871029659969E-10
width2_d4_m10,10,46,258.75,-24.288745091008018,-122.10776741020217,0.0,1.0539809004608823E-10,4.751723973828272E-10,-1.2907638698522282E-11,-4.866042403339676E-10
width2_d4_m10,10,47,264.375,-12.203133971030276,-123.90049847068852,0.0,5.351959006123433E-11,4.857785934335788E-10,-1.287826517970489E-11,-4.886852738988131E-10
width2_d4_m10,10,48,270.0,-2.287027897407682E-14,-124.5,0.0,-2.193103068732491E-13,4.894094758398291E-10,-1.286832004177495E-11,-4.894094758398291E-10
width2_d4_m10,10,49,275.62499999999994,12.203133971030232,-123.90049847068852,0.0,-5.393675583926839E-11,4.85436858177594E-10,-1.287626771742021E-11,-4.883860735880978E-10
width2_d4_m10,10,50,281.25,24.288745091007975,-122.10776741020219,0.0,-1.0573176568831296E-10,4.744229410358973E-10,-1.289870410419015E-11,-4.859342814690846E-10
width2_d4_m10,10,51,286.875,36.140442318180526,-119.13907179866001,0.0,-1.5418600687722333E-10,4.5792789305034814E-10,-1.2932833514072814E-11,-4.829675069602523E-10
width2_d4_m10,10,52,292.50000000000006,47.644087329453704,-115.02300179765518,0.0,-1.986426540353058E-10,4.378548627275826E-10,-1.2976548922403213E-11,-4.805423985448945E-10
width2_d4_m10,10,53,298.125,58.6888937348367,-109.7991974113702,0.0,-2.3919055539021565E-10,4.158665531411537E-10,-1.3029486071166577E-11,-4.795152036369844E-10
width2_d4_m10,10,54,303.75,69.16849401094044,-103.5179667316669,0.0,-2.764068802892064E-10,3.9289719139777745E-10,-1.3093276510523338E-11,-4.802455102967646E-10
width2_d4_m10,10,55,309.375,78.98196387837388,-96.23980144366074,0.0,-3.1107544086796514E-10,3.6910316803227676E-10,-1.3170087974310396E-11,-4.826647778131351E-10
width2_d4_m10,10,56,315.0,88.03479425772514,-88.03479425772518,0.0,-3.43933868653792E-10,3.4395641364453043E-10,-1.3260902724063712E-11,-4.864118833254723E-10
width2_d4_m10,10,57,320.625,96.23980144366071,-78.98196387837392,0.0,-3.755531941762306E-10,3.165572444522287E-10,-1.3363224802416959E-11,-4.911283348258353E-10
width2_d4_m10,10,58,326.25,103.51796673166689,-69.16849401094048,0.0,-4.061956382420727E-10,2.8582673811995923E-10,-1.3471132757751837E-11,-4.965361573486597E-10
width2_d4_m10,10,59,331.875,109.79919741137017,-58.68889373483674,0.0,-4.3573219497308454E-10,2.507310201175748E-10,-1.3576992187624811E-11,-5.02475273012425E-10
width2_d4_m10,10,60,337.49999999999994,115.02300179765517,-47.644087329453754,0.0,-4.634225181454874E-10,2.104332225068E-10,-1.367053920906198E-11,-5.086758872920051E-10
width2_d4_m10,10,61,343.12499999999994,119.13907179866,-36.14044231818058,0.0,-4.878956814542699E-10,1.6453117904073956E-10,-1.374367511670728E-11,-5.146479374192811E-10
width2_d4_m10,10,62,348.75,122.10776741020217,-24.288745091008025,0.0,-5.072143105046183E-10,1.1330055392731839E-10,-1.379090406990594E-11,-5.195721713030895E-10
width2_d4_m10,10,63,354.375,123.90049847068852,-12.203133971030283,0.0,-5.193845223676478E-10,5.788846691584545E-11,-1.3810091319532836E-11,-5.225576059153708E-10
